id,label_id
test_ryhoydgtcg,0
test_yqasbugonw,0
test_etnlgoxldg,0
test_fhabnngpzi,0
test_wqkbbeobym,0
test_gpriscavtl,0
test_nzljuohtwi,0
test_vauataawkf,0
test_sgefyiyfre,0
test_frzbnkqsch,0
test_kiovjdetda,0
test_klrxkcrauf,0
test_mlydvmiugq,0
test_gzfvdibfsu,0
test_lvfvxpqbcl,0
test_etovjmajqa,0
test_tqdiaembed,0
test_gxnuvzatus,0
test_jrurgvhlzz,0
test_qlcxdsjifc,0
test_nkcwtddqai,0
test_loispgiazp,0
test_vvnnkenxfe,0
test_tlusltizzl,0
test_pursuuubwi,0
test_diqhzpdzem,1
test_jrdigpigbs,0
test_btkwljcpzo,0
test_jzlwbhkpau,0
test_fgytykvthm,0
test_tvzkcvuvlp,0
test_rxfytyoefe,0
test_fzoljskyab,0
test_wzodggeapa,0
test_vvrbomnhck,0
test_pixgxkdrdz,0
test_jpkfbqezbo,0
test_fnlciuhmlf,2
test_qvibaxlabj,0
test_jflqnbckfs,2
test_olivkliday,0
test_ibdvqworos,0
test_giswpbvhus,0
test_tbksdxtwda,0
test_cqmmxuodsf,0
test_ciolbfgflx,0
test_kqjwzteall,0
test_hpjhpheeqo,0
test_xxonhrgvtc,0
test_xzdzuuwkhg,0
test_ylumymmbhc,0
test_riohyhxwvr,0
test_zjgewauugx,0
test_udqbvctwqm,0
test_rsooaxgqtn,0
test_nkrtiylmik,0
test_cjbysuxcic,0
test_ndnulzdmjv,0
test_nuakzyqgeg,0
test_pchmxniowj,0
test_swfheuzpgx,0
test_uknqjjtkee,0
test_lxtzoxfzpx,0
test_tjosarbilv,0
test_tcrgimanvs,0
test_kpoosjinjz,0
test_egkxupnexk,0
test_euosruhegt,0
test_ljemfsuily,0
test_vliqexafyy,0
test_bppvljkfhk,0
test_offpwlovzj,0
test_jfuawlbmvu,0
test_mxcxosgfzj,0
test_nmceeruuux,0
test_lomvncwumd,0
test_dzhfbzpbny,0
test_obgblnvbuu,0
test_lrfctmkrif,0
test_zgqwfrjzqn,0
test_awohyqlemp,0
test_hnzkniknrx,1
test_dvfbskhsln,0
test_kgzxoeiyae,0
test_illauxaiur,0
test_tlzkzxxndn,0
test_mmzhuocdyd,0
test_wikfchqvzn,0
test_hyukezodlq,0
test_bnpcdwtlkc,0
test_pdyavizyba,0
test_xsaxjujluz,0
test_fuwyrfsjue,0
test_lqmdgttnzg,0
test_pcsqyoluqb,0
test_opygopqqvh,0
test_gmzvhblxiz,0
test_jrdwzogjmu,0
test_wrwowzyezc,0
test_aketjqchsf,0
test_bwgpnwqgeg,0
test_ywbrclebnr,0
test_wxjsirxrxk,0
test_wwbpvxsojo,0
test_hrzetavhxq,0
test_jsljswgiab,0
test_ttammudegj,0
test_nboubhdnyu,0
test_zkywclrcnv,0
test_inqauthegw,0
test_uahhbdrkvg,0
test_mjhdjmgnfi,0
test_etgnmxwwks,2
test_sxnmwilmwl,0
test_uipzgpkqnl,0
test_uicqfiwgsw,0
test_dwcsbvaghb,0
test_jedwiwhqno,0
test_bkpxobfrkd,1
test_txwqhuyxvn,0
test_zusizpysaj,0
test_fotmwbftgm,0
test_zrmebhzqcc,0
test_dgrrgxomol,0
test_yxdpoedqlk,0
test_rsquqgujev,0
test_sijpkihabg,0
test_nebfmoepvw,0
test_oxcijqczxg,0
test_wzxthgutuo,0
test_waiuxfymlp,0
test_lrnikaclbb,0
test_pkevazkefb,0
test_fgjdyhwprn,0
test_vjiojzefrz,0
test_waowjhxzvv,1
test_vmdrbuglmo,0
test_wtwbezvyhm,2
test_iqryuesbek,0
test_pahzlzmqjn,0
test_wjxfxwhdbd,0
test_ebfqhieekf,0
test_yvwksplncz,0
test_wzixggavvu,0
test_xbeorhrrcb,0
test_bnqstguhjf,0
test_vivkevoryu,0
test_dtpmdzlhhx,0
test_azbwxsouam,0
test_kgsqmixfan,0
test_rpvoateuly,0
test_adqfxcqmnk,0
test_oufxwpkeqx,0
test_khaagwktac,0
test_bohvjpwfyp,0
test_tnppnmlanm,0
test_qlijyglykm,0
test_odkyybdikj,0
test_flyynrvopo,0
test_ycfxgtkuwy,0
test_vtonykiwrj,0
test_umiyqwtbmc,0
test_hjpbtjztft,0
test_ikhmecbgbj,0
test_xazgulzhqe,0
test_aenzechrkb,0
test_spgcijvfog,0
test_olphdwybkv,0
test_wxqiyithwp,0
test_zbddcupamy,2
test_tjvmbbwesg,0
test_dswbcmlfiy,0
test_uyvqxadomo,0
test_istcxlxmjx,0
test_tzdtcdskgi,0
test_ggmgbhulzj,0
test_nsygorwmhz,0
test_mgtshmzrux,0
test_nlgyeazzpb,0
test_uzhojemtnt,0
test_ubrniogwcx,0
test_hwtvjvplgr,0
test_soofyjkwch,0
test_fuxslixduf,2
test_ddymlvwuvv,0
test_wmkwxnsmcd,0
test_fmtzjuucqv,0
test_ogwoypdphp,0
test_zyoxyrexvh,0
test_zflywsxrgg,0
test_vyeeoaosmf,0
test_iwfsgvmssc,0
test_ybulgxodne,0
test_dpfrfaunyh,0
test_iqrkqedwqe,0
test_rzousrjplv,0
test_qsedtprqov,0
test_qctnjbhsps,0
test_ngcnnklpbm,0
test_qqasxogysk,0
test_behnglhboc,0
test_crlwlorbrg,0
test_xyosxxafok,0
test_ieaofbccni,0
test_hojogckczy,0
test_joidbcpcgr,0
test_lsfrdiigtp,0
test_qqtpkykgfb,0
test_pwuwjawrbc,0
test_wmwyrflpmi,0
test_xbgllsvxtl,0
test_psjcjyaigx,0
test_geekirrsdo,0
test_tepxbgqjlx,0
test_owxjvtgicm,0
test_yametxjgio,0
test_mcriktozpm,0
test_jwaqygjjej,0
test_mkyzxrmfge,0
test_gswcthizux,0
test_llnjyyzisr,0
test_qpibiayqox,0
test_oryxsvfzyn,0
test_umcfsfxgqv,0
test_xsjpifhpxx,0
test_myqljonafd,0
test_nswumwzjxu,0
test_rrhnwtjvem,0
test_wjffdgflnj,0
test_qaufhrimfd,0
test_qfcetmbten,0
test_smqiuppwxy,0
test_czizxgsuqa,0
test_hziptxbpxm,0
test_kskldxvmno,0
test_adqjippzqq,1
test_gfwaaspcoo,0
test_rgcokezvzq,0
test_neoltfkxwh,0
test_bqpzbrbprb,0
test_jjqtbuifou,0
test_ilimnvvbwf,0
test_mnzhifzsyq,0
test_hrokiujqvp,0
test_knmhkrpued,0
test_rdwxikkdms,1
test_pnbzjrqgiy,0
test_ytjkduzyry,0
test_yhsxkvktry,0
test_scgicrcyle,0
test_zbtfizmhqs,0
test_wlfxrembli,0
test_smuvkblnaj,0
test_ycsfmtsool,0
test_mllbzlpilr,0
test_irorfomllg,0
test_lejatspfck,0
test_rmkzqchbbr,0
test_iusgxekmrq,0
test_dxorthrptp,0
test_zsaxpefbxj,0
test_arwmwnzeqb,0
test_qwmqwzwjxj,0
test_jtwfekpknj,0
test_xkngsmpcev,0
test_jilufroxeb,1
test_gyeboqytmu,0
test_oylgpaahrb,0
test_fosknjmcrb,0
test_qizhcsktnp,0
test_sraoldhizd,0
test_rjoanxkhir,0
test_seqbujjojk,0
test_oltgoyitaq,0
test_ktivojwokl,0
test_abfwexjhwr,0
test_wzqqxsrsvm,0
test_ouhlopwcrd,1
test_qkvkhretnq,0
test_ihikvpeseb,0
test_uipzjtpfje,0
test_nmzrqjktbx,0
test_uuokxzblny,0
test_lhcxpaemmd,1
test_lxfbbiqrrt,0
test_uipwvgveur,0
test_yltddzsxco,0
test_jxxzssejeu,0
test_vapsjqxief,0
test_pcwogqlmzm,0
test_sgwysocnva,0
test_ozkcfhkyus,0
test_oalbwrhleq,0
test_ahlqzvfmsk,0
test_qpulzngfsb,0
test_lzibmxujth,0
test_kcknzhjmti,0
test_inrbtulvan,0
test_szyebyidjx,0
test_jcwskoivsm,0
test_smfsyetczj,0
test_haanbfppsb,0
test_nyybkfbxko,0
test_ezkblpfkou,0
test_hpqxxrzhnx,1
test_gqyaazslpj,0
test_zzajonlpcr,0
test_anwwrmtggn,0
test_otmlzfvbkc,0
test_oefnitynxx,0
test_tbnsysvswp,0
test_osilyokgyu,0
test_shxbmcgnjc,1
test_bfuttexzkq,0
test_matehotxir,0
test_hycyilbcbp,0
test_tyvisototj,0
test_kqflaanzqj,0
test_yadgjmtscx,0
test_xxhhembgcd,0
test_ofwyrqajfy,0
test_nqufobbnxu,0
test_msrmseqbdb,0
test_gohptsquwp,0
test_tuqixcnnpk,0
test_yigvuwqcnb,0
test_tdmgtxbeus,0
test_zhcehncszt,0
test_yjezockwmj,0
test_muxrljctxw,0
test_uqwghnrpmc,0
test_sohtqattxm,0
test_rfdiuldtke,0
test_qcccyniuve,0
test_tyskfnoezz,0
test_gsxvrleemb,0
test_kphikgwaqf,1
test_fpiskznpmx,0
test_hggtaimcuu,0
test_ttnifwfmwk,0
test_puhvcmrpxq,0
test_uuxdhbtpvp,0
test_yeiesalsku,0
test_rrqmgukdyz,0
test_jrcylwedzi,0
test_orajkvnzsz,0
test_xtmhgztqpg,0
test_bxbbgmfyum,0
test_ckesvmhdjx,0
test_elepcozfxe,2
test_bblvkpgmne,1
test_opcosojwkb,0
test_prforeorch,0
test_bmjwqzcpwc,0
test_svhfzubxlt,0
test_hkjrunvfca,0
test_gmukjeliid,0
test_hckryuegvd,0
test_yfosfqdheu,0
test_qpugabhrgq,0
test_crzlaygphk,0
test_orhcaabxdn,0
test_fcafjyqmwc,0
test_ycbjcruiaq,0
test_mcpffaejgg,0
test_sxmnyiguzj,0
test_vnixiecryv,0
test_rphzxkcvbq,0
test_whbcfzwbjf,0
test_xpgsorkjtt,0
test_wxvhxpdypv,0
test_wzmddtcawz,0
test_hasguahugx,0
test_scmpnoysca,0
test_hrzevqpnxa,0
test_riywkmuvbn,0
test_esfondhhvt,0
test_bmadhwjajl,0
test_qfdzcvlmce,0
test_lurwamzwxv,0
test_smfgojwrmz,0
test_lnpnhshobm,0
test_maoztxfdsi,0
test_yqlzsyuvrt,0
test_eibrejktkn,0
test_mtvwzlmata,0
test_wxmqfkozts,1
test_jedrleohsu,0
test_zmprcehuda,0
test_efbymcmlah,0
test_qwxpmxrovh,0
test_pzqntargrc,0
test_fobvmkmnoa,0
test_medyhgsnmu,0
test_cpxzbuzmgd,0
test_btvubzboxy,0
test_uuslbtmqbb,0
test_vyfztsfhja,0
test_ykdvgtjsjt,0
test_lflcjmteie,0
test_ffssqtabbg,0
test_hxqmmxvinm,0
test_tzcftsptea,0
test_ckuwilpzvh,0
test_ypxocfewhn,0
test_ofbnlwxeys,0
test_mclegdbmup,1
test_aievkvnxko,0
test_ooepmcvfql,0
test_tkqfobkpql,0
test_ecxtxxcnik,0
test_gderswpwhp,0
test_ehbdbgaijb,0
test_afgbmofcvk,0
test_oastqrmiai,0
test_crgwgzwpfp,0
test_ufsrqyqeqg,0
test_axbdcyttrl,0
test_jvygyjmpeu,0
test_jjtoffkdri,0
test_xznaaidkfk,0
test_zwfoatnsqq,0
test_rwxelzjfxw,0
test_pkfeiuwtwc,0
test_zyqbiyykbw,0
test_lvvbzpuiza,0
test_zwqnjuchjm,1
test_dbyqtnkbzx,0
test_retvahowdv,0
test_whldckplbs,0
test_pomwrgxjcl,0
test_tkadohujza,0
test_rfiusrhhjz,0
test_jetqaotuds,2
test_bexwicankx,0
test_pstpbjjuif,0
test_ydflxiaraz,0
test_nyvxiavsen,1
test_etexosfybx,0
test_klhuhhntvt,0
test_zqjbgmiyjx,0
test_svigyaztaz,0
test_gpvvhfnkpf,0
test_ibojkhgcak,0
test_ietegebvra,0
test_yhuqqbqjwt,0
test_hchrmjnpnj,0
test_xvbzakiuaa,0
test_fesmdibmge,0
test_vdmnaswfpv,0
test_vinhzxxhme,0
test_vybdujnldh,0
test_kkvkondgxe,2
test_sojioqsnas,0
test_ucqgxcxllm,0
test_uvvgpldbtm,0
test_qdscpahtma,0
test_ojkiwqfrwb,0
test_vvnkrkgapm,0
test_eyxorugvvx,2
test_jhvaolfvix,0
test_rqpciciefv,0
test_qblrektidf,0
test_aorrtdrwkn,0
test_gfbsqggngp,0
test_ficghudwju,0
test_rdefeqeeja,0
test_hbqpkivneb,0
test_gubpkjdavf,0
test_moirwfqawu,0
test_qrrightqgl,0
test_qqfqeqfhwh,0
test_bcwfhxpncw,0
test_slylduwgij,0
test_wkrqkxqstl,0
test_zbmixcaskx,0
test_rdayvoxpkl,0
test_othuhuvbyx,0
test_wnulaedlho,0
test_dlwkmkjblo,0
test_upebzfuxuq,0
test_qgjclrzeqq,0
test_ndpsqfkfls,0
test_yzvralnyau,0
test_pjnltxcszu,0
test_dnyzgwwbee,0
test_pxvwfpmqwt,0
test_jodclwrzdp,0
test_kvwnmzbwqs,0
test_ysrhlkyklj,1
test_hdmuucdlzt,0
test_prmtqtqkww,0
test_ofshekkqwz,0
test_odddergohg,0
test_viqdcykgsz,0
test_pxdnxphqqe,0
test_glyaxefchr,0
test_sxwpwtvxiq,1
test_nnmibmzvwo,0
test_xurmivmjuz,0
test_xjmcxrvjde,0
test_pprtfwtrwf,0
test_ubkuocypnu,0
test_dyrsuklaqn,0
test_ztucsphgvo,0
test_dylzskuhdz,0
test_fevbmyahnz,0
test_rcdkfcemfi,0
test_caidrwedpy,0
test_xuggckkiok,0
test_vbisptsjah,0
test_yibeldrgkg,0
test_raghbuzetj,0
test_krtchdeuak,0
test_jwnoqtgrog,0
test_marvzwwvie,0
test_vgyzicyviw,1
test_tyzzeoysas,0
test_wqlqqiamed,0
test_lvnkozautu,0
test_mhapjwczwb,0
test_skqjlcyczy,0
test_jquxkfowhh,0
test_jsvweeqrfm,0
test_psuhyifjgu,0
test_rklyqmzsvh,0
test_ucluusbfmo,1
test_zexblorfyc,0
test_ldplsdfocs,1
test_wyubmwyiqw,0
test_nvjzdicnsx,1
test_gsprjizbul,0
test_ekisimkvja,0
test_xkyzqkoebk,0
test_vsdkrgbmgk,0
test_aircoxhgmm,0
test_nfbxpsihzj,0
test_mortsxxjey,0
test_gkdhnbaeez,0
test_tkxrawbegs,0
test_fjqcbwvxtw,0
test_laryynluzo,0
test_pdquspdpzt,0
test_wtejcmtstm,0
test_tkjckfzpig,2
test_hmnabrqylg,0
test_yzxgzonmle,1
test_cbwxbxeeiv,0
test_uxqdhvnrok,0
test_zhxxaahidq,0
test_pdlezaezpw,0
test_hzhlcnjhps,0
test_nepakzjqkh,0
test_ukvfgiufjc,0
test_qjvosmmiiy,0
test_ndnptfyokn,0
test_fiymaamebj,0
test_zvotukymaj,0
test_pdjxllhemt,0
test_mneavazvrw,0
test_hxlzwychwn,0
test_dinfexjblb,0
test_xcfrmugqvx,0
test_idleoiyftb,0
test_iwmyborsaw,0
test_pmpnxrlkjq,0
test_xvtnnbngqm,0
test_nmbycheuei,0
test_bbfvbaqjos,0
test_nlomkesqzi,0
test_hkwsdryzrt,1
test_iuwvczryje,0
test_yxgndmumcu,2
test_dukwldintg,0
test_llxhovieng,0
test_vtmubuqduv,0
test_qkgikqstlz,0
test_qphnzpzqxc,2
test_idawuymgeh,0
test_ymsikrwyvv,0
test_wlnerdgztp,0
test_jwiirrktdt,0
test_hiertsufen,0
test_fzluxymmjk,0
test_qssjrgiddx,0
test_vdlfsxtkiw,0
test_bvyfvrzdom,0
test_bwywieflbm,0
test_outypvayzb,0
test_icrwkwyjxr,2
test_tressvpwsq,0
test_xzhinmixlc,0
test_fygxysjqej,0
test_finjbfbscp,0
test_psopkildbe,0
test_wtopvrmwsv,1
test_qikaqdedlk,0
test_qtqisrcedy,0
test_vxhhfvgzbr,0
test_nqjzcufvlg,0
test_dzzwrmipcv,0
test_uabebnksir,0
test_hbqzehlwqo,0
test_vwqrcshqfr,0
test_zkobzdnbrv,0
test_bouqeuvrlt,0
test_azxavrybeh,0
test_nabrehazdm,0
test_xbxyuccclt,0
test_kfedafmiqb,0
test_dcdejhmxuo,0
test_tymjttxibm,0
test_omltabrrvy,2
test_loplygobgw,0
test_qhpqtvjbzo,0
test_ynulzvrytv,0
test_dwlyqyucfn,0
test_esybmsrvwq,0
test_rgvnobotcj,0
test_qithbrdxdg,0
test_lzadlqaclt,0
test_adnbuqdwzy,0
test_azqciqgfah,0
test_muxyixosdn,2
test_ebpovtrbib,0
test_wiaumtztep,1
test_nptpibbnde,1
test_fxthvdchfi,0
test_kcqqhnceuf,0
test_bybbkkvylv,0
test_glzzrmgmhx,0
test_zodnhpofdg,0
test_javixfaczi,0
test_jsxlddanhy,1
test_dtxjzyremb,0
test_tkyrnridci,0
test_gtrfjxegqe,0
test_kfsdqvmosf,0
test_wtpkztiybx,0
test_fyjzctpfqz,0
test_bititbrtyd,0
test_yqrsssawpv,0
test_msvdbjhzmv,0
test_egixqcbkbr,0
test_awnvwrwhyz,0
test_miguuukscl,0
test_naurzvsscd,0
test_tusuqclxwi,0
test_vtvmcggwhl,1
test_odzuipzurf,0
test_ajrqzamsrb,0
test_tenweqonvq,0
test_albdbovgwo,0
test_plwugdphze,1
test_lhxrmpuwfn,0
test_cbtepxvify,0
test_rxciemxmhz,2
test_gqnkvpoosc,0
test_cynxlsehyk,2
test_czxnrlnedn,0
test_aorsmzyonw,1
test_nzcedytarp,0
test_hwavwmmvbj,0
test_jqfgnzvlhr,0
test_sywjmyqoow,0
test_kfeueybnzs,0
test_canbwytqwt,0
test_ktwhkhetkv,1
test_oqxmhoysfi,0
test_xalkunjbxt,0
test_emzfcureob,0
test_rcdqgwscxc,0
test_yuuretidua,0
test_hdksegqckm,0
test_yfqnswdhfd,0
test_poziyuqdgy,0
test_oqmxsqyrwm,0
test_jnupuqhcfe,0
test_dijjqqbisr,0
test_ifigxcvtgz,0
test_jnrinpiyub,0
test_gkwjtvubts,0
test_fgfmcrpabr,0
test_uuwzwwbikz,1
test_zruqyryedn,0
test_bzkwvkcfqr,0
test_fbatoxqmjg,0
test_gopqqoflmi,0
test_xurxvqmhbb,0
test_ycuchgwmfn,0
test_goexntkrxq,0
test_llrntsunuy,0
test_wkggkqbykf,0
test_racgwylvuw,0
test_qhuyccmfwu,0
test_lceywgizrt,0
test_laofvnpbiz,0
test_wmutierwwx,1
test_kktstlvbjb,0
test_fpxzpktnlx,0
test_xzionpnpco,0
test_rkephlwylm,0
test_aumulzamjb,0
test_durzgmcofg,0
test_ddofqkxnol,0
test_dewrwuurci,1
test_gyybtwcerb,0
test_rkmyojhxxw,0
test_hudeokedmu,0
test_zozmqvnavr,0
test_hffscmxazk,0
test_jogmgynyft,0
test_ofwskodthj,0
test_hpaxyhnqrt,0
test_hiekcftgov,0
test_twmjvfjgfx,0
test_ytzbznrlwa,0
test_pamywhrhgg,0
test_prxqspntdv,0
test_jqsciadugf,0
test_luibihivdm,0
test_tvpnjcousa,0
test_gomcjeehqb,0
test_vgjvbenumi,0
test_qgcorzowpf,0
test_ownsdltsnp,0
test_eggyhppfes,0
test_otimfczsvg,0
test_xhrytzyfsu,0
test_qzvbcjunkb,0
test_dvtewvcyjv,0
test_hbcdptjzte,0
test_jvpankmbze,0
test_gknlsguzfk,0
test_wajaocwjmo,0
test_izafjvpzmc,0
test_xgcgjitwag,0
test_yelpmrerjl,0
test_cppkovzhjz,0
test_ktratebttu,0
test_qpjzzoumux,0
test_umppevuwga,1
test_ftgxjgaayl,0
test_lwpvbchlxn,0
test_bbqguqnory,0
test_ijuqebuovs,0
test_kechwjwlcg,2
test_gzuuptukbd,0
test_loqenptqrj,0
test_yqrdpcbkzj,0
test_yclqtkzfmq,0
test_ixndiajzdt,0
test_neuydojnkx,0
test_tsmjlcpybd,1
test_elqaoouisy,0
test_zgqrfhdgrh,0
test_mlwybxkwds,0
test_ttrryxhipk,0
test_pyshnibphs,0
test_lqchaxpuyt,0
test_vsailymvng,0
test_cajrzkolle,0
test_rhpqklkiya,0
test_leftnyygbj,0
test_rtnkvvzfwx,0
test_fmafinwffw,1
test_hwsonwrkfh,1
test_euaynqdxst,0
test_natpreblff,0
test_uywkxklagf,0
test_igfnptfsln,0
test_zrpenrgfdz,2
test_bpfxknxjmy,0
test_omotfthtuk,0
test_fpcqmliotc,0
test_fvjvdjjevr,0
test_rtbippistt,0
test_zladaaadsf,0
test_awoprnmgye,0
test_dfxakxboqs,0
test_ntlmavepzn,0
test_vzdxfqbfhe,0
test_bfigriegbs,0
test_nwvexreekq,0
test_bmkpzaeeok,0
test_qeyqhmgizg,0
test_iwwbrlhmvn,0
test_lbwqjsjffw,0
test_qohrxgkryw,0
test_ytjwaigmdi,0
test_pdmtdwrgkt,0
test_cgpqsouvog,0
test_aaodjrugmk,0
test_oecwbfvlgc,0
test_pegzpnwphv,0
test_tcaxtqxnth,0
test_ndprttlgot,0
test_qiurtsmtdk,0
test_qnrscyhdud,0
test_wldvdchzus,0
test_glphkewxtc,0
test_gwisvstibl,0
test_robduavhyb,0
test_wuwjckhmmk,0
test_bzvdjukqso,0
test_eebesbskdv,0
test_jcqbntbzgz,0
test_tjaueuqbqf,0
test_ebxizzprhg,0
test_euvsxwcecm,0
test_ebtzxfdbwn,0
test_qyythlcasw,0
test_rsmhvzkfra,0
test_uevnbgejjx,0
test_yfrdjvkiwm,0
test_altocxprzm,0
test_tvokzpawek,0
test_cxjcvkkgnx,0
test_mkxsuxumgi,0
test_vfojsvryxr,0
test_icnswiumfd,0
test_krgkubihal,0
test_vqvasehktd,0
test_wksqsyqdnn,0
test_ytskborbpj,0
test_chbrovlvaj,0
test_iytlydzrwr,0
test_imspuypvnh,0
test_kjqhjyihfu,0
test_whhdldnahj,0
test_phsgeyhufs,0
test_ovckdnbeoh,0
test_uihgkmmiuy,0
test_yptfwrrhax,0
test_wzospgcksv,0
test_kxfdfnwbox,0
test_bjmhucwaap,0
test_dfkddygier,0
test_lgrsubnpbk,0
test_gynqwstyhj,0
test_fnbizlpqmz,0
test_zxwtkviptn,0
test_lzscdzlsne,0
test_jhrgjvruat,0
test_ozqyxgcqzd,0
test_fkgpckbbqy,0
test_bmsgyyulda,0
test_joittdosqp,0
test_mzlgskpjyi,0
test_lsmqojhkoa,0
test_qoyjcenvzs,0
test_iylwasqxyv,0
test_vcvtxjayyg,0
test_tgirsxtjak,0
test_nfkpmawsdr,0
test_gygkzhbspq,0
test_wsbgtvjcfy,0
test_wmkdxzekho,0
test_jhnoadtmeb,0
test_ijybjcbrmc,0
test_pbmcgxvane,0
test_jzjdjihfhi,0
test_klnstrztpe,0
test_okoknsbkrv,1
test_iwtkrkelrp,0
test_nzgvnnuqix,0
test_qwqozbzxdj,0
test_jqagckulfa,0
test_ehjzgllkxx,0
test_ekxbrkrksz,0
test_jyrldssvcd,0
test_wyndovjfev,0
test_jejuaysexb,0
test_poysilizgu,0
test_rezmrfdyst,0
test_qxzjzrpgjy,0
test_fvryvshnsp,0
test_ssozatdvim,0
test_hjitwgbthz,0
test_dziehqnwes,0
test_dtkwnaamqa,0
test_bdcrwicdpr,0
test_fqplncydos,0
test_naykfcrajl,0
test_jqufysoqti,0
test_qulgwgvtjd,0
test_yglxnejrhv,0
test_kwcrlldgkt,0
test_pazcrltxvn,0
test_vhvvydkygo,0
test_uucomehmko,0
test_nfewivivqi,0
test_gbescfhwxy,0
test_rozzghbhwa,0
test_eguljxzzmm,0
test_qsticrbajo,0
test_jqqkzolkgk,0
test_xcnnwqadxg,0
test_tgremadvuc,0
test_prxbibjlss,0
test_hrbsaalisi,0
test_nmiyxwsqol,0
test_llklwkvvoq,0
test_ggmlgsamlm,0
test_nmsrpsrffk,0
test_qphygmotim,0
test_mfzhljvmdm,0
test_yinhvbspur,0
test_kzcnfmioey,0
test_nyfskqusqp,2
test_ywtlpzxhso,0
test_miffocxaha,0
test_dvtzpvohgx,0
test_gntvoridxd,2
test_qvzthfjkvb,0
test_ccrkwfkovw,0
test_hrbppumpij,0
test_pxbxtbyeds,1
test_udycghknio,1
test_oxinmtqnxy,0
test_hbofjgmqep,0
test_dkdwepmgqc,0
test_lccwwnqxsv,1
test_qemaiipsvs,0
test_tsqqkflqog,0
test_nvmwwkzykm,0
test_jmwxmovwpg,0
test_nlwzpeoiuu,0
test_efwtprmffh,0
test_ozqkwrzhtt,0
test_xscrliukjj,0
test_iltyaomesw,0
test_wmzzbpobgi,0
test_ruywjbatlh,0
test_sezdtuopcw,0
test_rehyjqpqoe,0
test_cleucywbov,0
test_pdzujrgcyv,0
test_uqgtvnuudf,0
test_cqoydvroqi,0
test_ovuxmihxjh,0
test_eorafbemxh,0
test_nwcnmsykec,0
test_syurszlhdm,0
test_oxxcxqidbl,0
test_xnpaqswjnc,0
test_xtrkffnzaz,0
test_rkghjnqiai,0
test_zndjmefovs,0
test_zcbzojvwln,0
test_pzbhhowvge,0
test_ujogwvlele,0
test_cabjwqjevq,0
test_ozkjaexgwf,0
test_qrjyuirlvp,0
test_naqeakzldm,0
test_veejrgcjwl,0
test_gwptfgaijk,0
test_oueygigcos,0
test_hqqzfxozzu,2
test_kodolrsucb,1
test_hvnyydlfgl,0
test_hsgkxwmugp,0
test_eqbhhgefax,0
test_lpjeuuqotu,0
test_jinwvzsqch,0
test_muzfzsxkcz,0
test_zfbejjdczz,0
test_wlrgtlbttl,0
test_toyqmeaggq,0
test_jvtdvlzyoi,1
test_cnrlmavnsd,0
test_tcuurfdplc,0
test_rpuunmudjg,0
test_fbeyeheflg,0
test_xcusgnvsio,0
test_vvbdnqewjs,0
test_terzkgqmqv,0
test_eyjypqyrdc,0
test_pygqvlppvm,0
test_usbwsufoyj,0
test_rgmfhzlgfc,0
test_tpigozrrnj,0
test_xscpbsebcj,2
test_ywgqlypzri,0
test_tjuljpings,0
test_znmmxoeklp,0
test_cnamlmsynf,0
test_skedyjhzvy,0
test_kldtvwluah,0
test_stpjqfpjlj,0
test_udbpduxria,0
test_dlqdfpmetd,0
test_mwexzofcln,0
test_oduaobbdrz,0
test_pfizheypoy,0
test_lwbeidifkz,0
test_wjvtpwcsyx,0
test_zxvmsraeyz,0
test_fvpidljemm,0
test_fywmynqwts,0
test_xqsegtpnpf,0
test_efwkfajsuz,0
test_hwvddlpqrf,0
test_exnbkalvrb,0
test_ohwqdsnyec,0
test_edgivbkiol,0
test_fjltkbedjr,0
test_tquzplvdwy,0
test_rqepajjhij,0
test_tjtzcvplub,0
test_tbidffahxp,0
test_teqgdjlkml,0
test_hcdagfpbmm,0
test_noobrbjgla,0
test_ccqkoqojgr,0
test_emobhwuavb,0
test_htukoeqfvg,0
test_oeivkrmuyp,0
test_hnfeuyxwrr,0
test_zddnjhsyyi,0
test_nxwhmhyclk,0
test_aedcvszxyl,0
test_fwmnysaduw,0
test_spxskhllym,0
test_nvwyigvilv,1
test_tfuldzxxps,1
test_zqcbtnypfl,0
test_kryrauxynf,0
test_aqwkjauhqh,0
test_bomgpynxzk,0
test_cgxnpoodru,0
test_jqmlowmmqi,0
test_gfadkgmlmv,0
test_rvlnwbchvj,0
test_fhuffgcptc,0
test_qquwyndpke,0
test_kpmpwrregx,0
test_hgtpltxhre,0
test_mfysathffn,0
test_zdzdzvtvhf,0
test_heygrkmvwm,0
test_kzdcwvirtj,0
test_dnezvyvtyk,0
test_sqeioueadv,0
test_ccsqfnelkl,0
test_mimbzkdxzm,2
test_smcvaotmlc,0
test_agyyivxgcu,0
test_yacgeeadyd,0
test_piiwatmwds,0
test_oonhwcyqfd,0
test_yprybjcumf,0
test_mnxzdwmetv,0
test_xtbszalihb,0
test_olrundotip,0
test_kqixtqsimd,0
test_gcgyhgxjct,0
test_kcsihdmmlu,0
test_rctrjupkkq,0
test_pehjfeauiu,0
test_yykrnldgch,0
test_wnfjsksenp,0
test_wpvkjvpgom,0
test_foobvyvstw,0
test_qlzkrevxet,0
test_uzadldnehj,0
test_ocoxoeqvto,0
test_zhklcneczo,0
test_cvzyflavdv,0
test_qjgfoultrz,0
test_oxxwclchxm,0
test_klpgejbwlx,0
test_anwgdpvwsx,0
test_bkokwnhcso,1
test_bxilxlqhdy,0
test_gjezrrvriq,0
test_pvfnkbgurc,0
test_zrqqdfvkma,0
test_metqjqfmuf,0
test_nuvqoeysye,2
test_ydyvxpmhtn,0
test_ofnbzbssul,0
test_bqomtnmjwt,0
test_bmudnngeyt,0
test_uxbsrriaei,0
test_fkuqizxzcy,0
test_emzcztfijw,0
test_rzasdhfdms,0
test_dfgqvtyrqc,0
test_msaqlkdsqx,0
test_bospwiiemx,0
test_gwnremafcv,0
test_fhsbhppsxw,0
test_nbcdkyfyez,0
test_vqhubombyk,0
test_zdhbjwcuka,0
test_oieiidxqll,0
test_tkgmfqgcqm,0
test_yxyezpribp,0
test_igcecxkmyk,0
test_vlnwsqvbmh,0
test_kabgfgvypj,0
test_vttnoqsqwg,0
test_cahhguluox,0
test_ylmjqkkvcd,0
test_kzjyqzypju,0
test_csutuziwgz,0
test_hhtspqapzr,0
test_tvksanfmxd,2
test_hgbbwghaoj,0
test_tmvvuioeev,0
test_xvoqpfvbkm,0
test_vikqsdyran,0
test_ickmjqgxnb,0
test_axnjaalpxi,0
test_bdgkyzqocd,0
test_nabcvbubut,0
test_tqnvepqavo,2
test_nukurstibz,0
test_qbrknjpmde,0
test_fwvkiihwxi,0
test_uhgypfqths,1
test_quwtudurba,0
test_zaelpizuyh,0
test_qpdrdvncdf,0
test_xksohefbir,0
test_wwkuorzims,0
test_slpgfpouhi,0
test_zwpkaxadgl,0
test_ycanlrxzzr,0
test_ttlegkmnxc,0
test_eoszefzhft,0
test_zxchwostsg,0
test_edhylodvpv,0
test_fvrruomcfc,0
test_hrvrlgwvlz,0
test_isxlvnljea,0
test_hgsdrbeour,0
test_gwvbwaguad,0
test_lgqvenclep,0
test_cuzdtrgbzd,0
test_dydlsjxjjr,0
test_pbvnpppzet,0
test_cqjgezggau,0
test_sqduwsawir,0
test_proeptfexs,0
test_vfahuoedtc,0
test_ilqtujyatf,0
test_tglmezgntz,0
test_kcpjxvwnco,0
test_irsnckpxqo,0
test_xrwpazqysy,0
test_qhpqzuthvx,0
test_dclfbkviwj,1
test_xbnijgejpr,1
test_gvqbsqlhud,0
test_unzvebyonn,0
test_gvtychklms,0
test_svbqkbxtoz,0
test_otnaudjxbo,1
test_psphzsqmrz,0
test_ysaedzxqmn,0
test_pyxrnczzpj,0
test_yscsbipanv,0
test_famhclkyre,0
test_buosuhyxer,0
test_mfwajprddm,0
test_rnxktapiry,0
test_lhwtrqlrjg,0
test_pxixipsgyw,0
test_qqbrhccebu,0
test_nxnulconma,0
test_tyadohfunk,0
test_mejyjjkfhx,0
test_lwlxavllfd,0
test_viymhmulqf,0
test_bgeppatwvc,0
test_bkoneuxegz,0
test_stbecyqktf,0
test_vpknepuodg,0
test_vjndtokwid,0
test_shwbosbbpe,0
test_hrlbcpuvzx,0
test_ygtuvpdpos,0
test_mnmhcfasfl,0
test_hzscknkzau,0
test_opsvhzggex,0
test_zhhmmvsrko,0
test_gkbtlhemtj,0
test_zjottrbpda,0
test_qkylpzxcjc,0
test_whtqhwzyci,0
test_zqybhaomik,0
test_tnanoumtki,0
test_ooitnjnrxh,0
test_znrrdacdtl,0
test_nopcfybiqk,0
test_jwongqkguq,0
test_hajkyqwcoe,0
test_adgidogzhb,0
test_mgdrewshsn,1
test_lsicpkehxl,0
test_kbdohncesi,0
test_zprazvruev,0
test_dfpuhkdhte,0
test_xoyfymjdvi,0
test_tymstviyno,0
test_sogunbajgj,0
test_onbhshrnbj,0
test_lksqnjermy,0
test_wlsfuxbyvp,0
test_vsmxbahmku,0
test_vtzdosavty,0
test_frudzmorxg,0
test_riimyrfifw,0
test_gwnltwfcpn,0
test_vjqilianey,0
test_ynjkmjidmv,0
test_eeqhnlnxjq,0
test_ipncpfudcc,0
test_lwcxavylqx,0
test_jaolelxeag,0
test_flhezmdkkv,0
test_qsskytjajs,0
test_hybyabbgvh,0
test_jolouvwqsb,0
test_xntjgwukkx,0
test_pvjlfbzzbn,0
test_mamwcoxmos,1
test_rjmejmewcy,0
test_hjlgpkegey,0
test_amgyefdesj,0
test_natuqagdku,0
test_qzcfevxjbq,0
test_amtcjyyrnz,0
test_lblbcxpqpa,0
test_hxsmkgysco,0
test_edpsjxgmhc,0
test_rxoukapnkj,0
test_tqeeufulsr,0
test_quzigmifhv,0
test_vzxiirzjhg,0
test_cdpkqvtzrv,0
test_magektvsvh,0
test_eywsyruodr,0
test_qsrassyqks,0
test_jfaiwydrkz,0
test_mjhsjiwvgv,0
test_qqoztijdcb,0
test_tojllljyek,0
test_dgevxiuefq,0
test_zybzicyinc,0
test_btdoudmzsb,0
test_rbzjfpmmic,0
test_ilqwylnwgg,0
test_qppyjknhxs,0
test_hjqpykvqjk,1
test_bplflucqen,0
test_pcrpwhrsyk,0
test_ckimyxgsvc,0
test_bjtycnedzz,0
test_edpzwwgahn,0
test_rwmjvfsxzt,0
test_yeqlqskyxk,0
test_ppnkapbvhr,0
test_gnimcqvgps,0
test_rkyvjryspb,0
test_xvbfxuegmt,0
test_cugugvsijc,0
test_klppjyejcf,0
test_fsviviuint,0
test_qejocciwzf,0
test_ppxlwcwnjd,0
test_rfvfnnurzy,0
test_xercskggjz,0
test_zhnclaiijo,0
test_dhigyhbkqy,0
test_ycxuwzhity,0
test_tuhkzlsxhq,0
test_kuqjsxzhbi,2
test_hmxozcaimg,0
test_crkqssbold,0
test_cgegmdzlzy,0
test_ibjbrurbea,0
test_ikgjhtalld,0
test_hlvtcxxolh,0
test_bqlcdhhdgh,0
test_zwgyuinejk,0
test_mxwwubhhcf,0
test_rjwdrqbvhh,0
test_artxlflqam,0
test_mmzfspxeow,0
test_nmkyxheezg,0
test_fxhcrypeaz,0
test_gqukzkjnhm,0
test_utnjvyzudr,0
test_fmokngvigs,0
test_ddjxbnytcp,0
test_vonakxwgfs,0
test_zeecyhafnj,0
test_zbgdhbxcay,0
test_mammtsdcez,0
test_isifrgeqkw,0
test_rvihfybdfh,0
test_fccnflhumq,0
test_fivuopzike,0
test_qxcgyiqbmm,0
test_pchdgaflnh,0
test_wjgvauista,0
test_slmerhqeew,0
test_pbsqebuwxz,0
test_zvfnoehuht,0
test_vqqtmhmiow,0
test_yhbbwqdhae,0
test_drbxeunaro,0
test_ozmxqcuqsj,0
test_eamtottxai,0
test_dcmydvpewy,0
test_lunicxygyd,2
test_dlecurxnej,0
test_cpmoswrbqh,0
test_nustycnqdq,0
test_xshvgnkcai,0
test_lzberhnvat,0
test_vkgiejsrhv,0
test_kahvonpqtl,0
test_nwceekwxdy,0
test_drzsccmhlq,0
test_bzlxneouhr,0
test_osketkixkt,0
test_mmxvrwpaxc,0
test_ehbrppgytk,0
test_lxpiodfiah,0
test_gsunxlxmlx,0
test_zfrpoztrvx,0
test_kvzpvjfqpl,0
test_ipwcfqfkwp,0
test_vyvktrelvj,0
test_wiohpjevfy,0
test_ryikszcfmx,0
test_peuztfmtfh,0
test_orknqbaggz,0
test_whijrybzlo,0
test_jrpxojuerb,0
test_pnkpwukwsb,0
test_zbazotrmrw,0
test_bivzmfnida,0
test_uqxcqtdhkf,0
test_padpqcpvit,0
test_rpwrckokvi,0
test_ofotjeyulm,0
test_aokvlzdycr,0
test_cqzebfcwzb,0
test_vqmkbfnvvf,0
test_yvqabjdhaj,0
test_asrbqcozri,2
test_dukwjujyjl,0
test_oeacxxjegp,0
test_ccdjomeeio,1
test_ngdnscylsp,0
test_lgwfooyttm,0
test_mmyxbbnias,0
test_dfprrrmpju,0
test_pjzevdoyke,0
test_ylzbiuitag,0
test_ocvrcjelkr,0
test_hkowtitrku,2
test_svfpafokhz,0
test_dnlzfeqxsl,0
test_gdnmlwytdo,0
test_guhimxcdvj,0
test_qnzztzzemb,0
test_utrzpqktrm,0
test_hblaskegdw,0
test_puvckdfali,0
test_saousikvll,0
test_mcgvaamkmi,0
test_xnongawasa,0
test_exoehsappf,0
test_bnskqdfffs,0
test_tllpsgzrjb,0
test_qtxbehokcl,0
test_nkfyosyfra,0
test_fhqhdhnlre,2
test_bygnuqrgjp,0
test_lwvhniwzyu,0
test_eexrztqkoz,0
test_esdtwqmsxe,0
test_zxxkgjbifx,0
test_jdfbznnqzk,0
test_pxhsrqmhiz,0
test_iucnzlfhid,0
test_eqoxqelnbs,0
test_xwmantspwo,2
test_wniksvfddx,0
test_avxqtpfdem,0
test_ynrbexyrrl,0
test_ugkqjuvhkb,0
test_gwrpqswgei,0
test_fbmmohmhdx,0
test_qfavwezurd,0
test_xjcmjrpqah,0
test_mnfefueobm,0
test_brrznmjoig,1
test_ntsokfnodp,0
test_llnbnvhxlz,0
test_tfyqoqmmhy,0
test_ddtmdbnbxy,0
test_vziygwcahu,0
test_xtunnufngw,0
test_pdtsygnyzb,0
test_lyoaxukyyj,0
test_rsxehmnqau,0
test_lanunohtrm,0
test_yejvevpijt,0
test_dfgredifpy,0
test_cknrgfyxxy,0
test_gkvioizhxz,0
test_paltigvypx,0
test_fpgicewrmu,0
test_pljoetegal,0
test_zmlwrzisad,0
test_uuyurzodax,0
test_ytyyujrtjz,0
test_fywnsasfii,0
test_igpywawrxn,0
test_qcibwtvqzj,0
test_qzmhoqiipr,0
test_ffvsshoxgz,0
test_jueadpegvc,0
test_knadtllwkz,0
test_bzakrxmvdi,0
test_uxwhsonfph,0
test_chasyuomnp,0
test_tvcpvypvyf,0
test_wbcrzzcwza,0
test_thajdmtcss,0
test_bnmnehdekf,0
test_ujosbcgkmv,0
test_acjccioeqd,0
test_efjysbyztv,0
test_cjktuwlusd,0
test_rkcmquinui,0
test_fvfnxazngm,0
test_wcawkrjqmw,0
test_bwblldrpkk,0
test_dabdzxekuz,0
test_ovpmqpfmlm,0
test_uhowucnrcj,0
test_nkekealtfu,0
test_oqcnfozmfs,0
test_kmjnaxsqsv,0
test_idteklwnlr,0
test_mnazaywqbq,0
test_iingdghkbg,1
test_veobvlhmxk,0
test_gxrsyotbku,0
test_uqzwhkayyq,0
test_gahxfrmjcm,0
test_cmldmyvksg,0
test_otouassboo,0
test_jvcuiunock,0
test_opchinpopw,0
test_vngqlumigr,0
test_zdukpoxrsq,0
test_tijlrgjpqd,0
test_yfbhsasmjr,0
test_bnpujsveze,0
test_psqmefkjzj,0
test_fzyifcflgc,1
test_wkzjszvdud,0
test_fptrraicly,0
test_rhqiqmqmuf,0
test_sifgcrjpwq,0
test_adyzcnzflr,0
test_amwypmnaiq,0
test_uunorpswzu,0
test_kefutynenz,0
test_fkrxozfywb,0
test_lvepfsdmwe,0
test_jmdybpxbox,0
test_plqlrhobgg,0
test_mqhumzcooi,0
test_lhuoizxnvb,0
test_syxhvkldwh,0
test_ndqhyjakoh,0
test_ftwrawnssg,0
test_qgoxqkerbs,0
test_nnlfhqjxst,0
test_xtiqybmcbz,0
test_hpfdqoyqxe,0
test_ojojudscwa,0
test_nlhjyqubue,0
test_exbukdhysd,0
test_vdfxjxlwfk,0
test_btjfuiipvs,0
test_hhqnxsxilz,0
test_sctxdljwli,0
test_wbwbqrdxue,0
test_pttzwjebjw,0
test_uheagdxntc,0
test_rdywytyosg,0
test_fsvapcotay,0
test_bklxuxlgcg,0
test_dvlbjhldnv,0
test_hcaibqwkfu,0
test_vanzmxvvgz,0
test_woysrhwpoj,0
test_pdhieqkcyf,0
test_qnzxoqirnt,0
test_hzlovbpfqr,0
test_jlvnqkksbm,0
test_aryhtdrmky,0
test_tkqbrcfnjf,0
test_pbpvmywhjn,0
test_qbylsfgden,0
test_ponlhuyhgx,0
test_idgssctehp,0
test_heduojqhju,0
test_jypgpyqaod,0
test_pykmxyryfn,0
test_btpoyceorl,0
test_xvjmbfslma,0
test_cmskgqboqf,0
test_hntyjwwwsn,0
test_jjetplpupt,0
test_avaynrcthj,0
test_vyyzsikver,0
test_udrkrdoapk,0
test_lhwcytsocu,0
test_lnfpoddeas,0
test_dsmezoteys,0
test_ojtgruvvzy,0
test_lpcjezinng,0
test_nrmajggkyo,0
test_gjadwxczmc,0
test_dmnybzlmmt,0
test_hvewlqqlmw,0
test_fvoxxrvobg,0
test_ikoumzfplc,0
test_chfkeijtfk,1
test_xpsskqvfnv,0
test_yzpnzqbfqn,0
test_lgrpeivhge,0
test_onwoyggaew,0
test_jxnrqjzagt,0
test_djhsndeutv,0
test_twtuilnebm,0
test_zllplvjzey,0
test_kishiyvimg,0
test_xuasjesqqc,0
test_uvcpqxqswb,0
test_qnisumlqxo,0
test_jvjtciayvh,0
test_pmcwewrqnz,0
test_jkjrmevkci,0
test_uoopkfhgky,0
test_dlrvqwkaio,0
test_yyjblehbhn,0
test_nclffsrxqk,0
test_mombwgyyjb,0
test_obfyvneqzd,0
test_dhzzyayigh,0
test_ftjuhhkzsc,1
test_aececlrmgy,0
test_laxqgzsqkw,0
test_aclvqhqiwq,0
test_rkjnjluagx,0
test_mwgulwqwuq,0
test_crvhnbwfkw,0
test_eqczxcjppi,0
test_kjcfwtgqhu,0
test_akipnaucod,0
test_liqfewbgyc,0
test_fxudblgueh,0
test_ooweklxkks,0
test_tohroayahq,0
test_lgebwgxhkg,0
test_xiuxpngcce,0
test_onwwqawjgv,0
test_qeekiuqmdp,0
test_djsvgqcegq,0
test_odmpbsrhwd,0
test_tiipduafuv,0
test_hjlzmadcef,0
test_cegrgmtwtw,0
test_fvhnxjvegd,0
test_sqkvhhbcos,0
test_xqdsnjubte,0
test_mvkulwjavq,0
test_txpxmjxqcg,0
test_qdblemhksg,0
test_kpczxznpik,0
test_ymhqysiaga,0
test_wjrisivvap,0
test_lwfrjxaocp,0
test_rrqtyjylro,0
test_tmwsnjsrhq,0
test_dblchbrbtf,0
test_ydygjyigsw,0
test_abqbabiwib,0
test_gokcznlaam,0
test_clskxkgsbv,0
test_gtmfusbwga,0
test_xszkfgxijn,0
test_vlueejnnlh,0
test_kcrgrhdhks,0
test_wqjynkfaul,0
test_fqinbfcmnp,0
test_qgslrjkxww,0
test_pgxzpjsvyg,0
test_objloshxus,0
test_qpnyvdiqgl,0
test_ivlrmvkspa,0
test_qaczbfvgbc,0
test_tozjqpkwlg,0
test_twqfnoppel,0
test_wbhbleulaw,0
test_ralonokvqo,0
test_zuwfdedgpl,0
test_shdyzyraic,0
test_mngksvalrv,0
test_nuiaarqahm,0
test_fohgrqvzoo,0
test_cjdxffhnql,0
test_pkywfozbkg,0
test_wsorbcfddy,0
test_ccpbphghsf,0
test_qrtkvkpzno,0
test_infjmkiuvd,0
test_ldcgjjlioq,1
test_ttocytgimq,0
test_pjhvtjeqaf,0
test_gtzczysrfq,0
test_bwododfuna,0
test_bhshdxnjxd,0
test_rzgaqtiaeg,0
test_xawjjvetkc,0
test_sedewylomq,0
test_izytfjuzke,1
test_pjyvwtsxxe,0
test_jwbmlvojqg,0
test_agvifrxcmw,0
test_xljioxfcyq,0
test_wternakuxg,0
test_cwlyhgvpwe,0
test_beogrkgbaj,0
test_peyeivapoq,0
test_mpzlirhpnm,0
test_iikvkcgogb,0
test_nblburebpd,0
test_elfdeyuusf,0
test_mpobawxfwx,0
test_gydpgkgzxw,0
test_ofkniyopbc,0
test_wwasbdksgz,0
test_lwerdcmkpe,0
test_zjnzqtcyvr,0
test_mwxyocovbm,0
test_jwnhrokfiu,0
test_rfuujefjkx,0
test_bidfkjbyvv,0
test_fnmzpgysyi,0
test_jqdfdzknuv,0
test_frtieoheqy,0
test_gonmbjabuy,0
test_nnydcorvsq,0
test_dumxelsgle,0
test_bqwgmfwpih,0
test_bqkvmmquxr,0
test_sehlgavalt,2
test_kydzgrtfqv,0
test_netuevnnek,0
test_otyxgztkwv,0
test_fpvrhpjejf,0
test_zmsqsolxmh,0
test_bedqjiafei,0
test_gomlwmqbln,0
test_qvxbnhilbj,0
test_wtftqrybam,0
test_tvykicawiy,0
test_clwxxitrto,0
test_ieuxlqjouw,0
test_bjqnjzhrmv,0
test_pdwdekwtft,0
test_omgrfkdvbw,0
test_lwfeoltgkr,0
test_mykuzfskbl,0
test_hryxmdzbsq,0
test_zduvlwhdkr,0
test_cfmsnfiebw,0
test_yydnohhpta,0
test_aqooesxjxr,0
test_teexzxtyzk,0
test_mxngfbovvv,0
test_gsqndcfhvb,0
test_zgxsuneahx,0
test_xbfizejcmu,0
test_bahyovyweo,0
test_ndmokxywjp,0
test_ctrvgwjerb,0
test_swaxgixhum,0
test_cerfbnhrlu,0
test_pcopzbequo,0
test_gljaejixun,0
test_cdzcbaaxlw,0
test_zpngdlfmzr,0
test_tycltakroi,0
test_bdjkrtilzr,0
test_vjuxlonbor,0
test_ciqockdjwn,0
test_iwregdapic,1
test_gyknvqjovb,0
test_osqxjuoujq,0
test_rpotzvsmvf,0
test_xcwoeygekg,0
test_dbvdytcvco,0
test_hzdahcdwbm,0
test_bsqwzvugcc,1
test_uxudwrihxe,0
test_boacpdudlu,0
test_zyyzqpkbzl,0
test_snfsizkbxx,0
test_bgljszlmrw,0
test_ofokyerkht,0
test_pygahbyqpx,0
test_nuwixiqphl,0
test_hkliqrfyep,0
test_egocwovxwf,0
test_ivzgowkicb,0
test_ckofbcvngf,0
test_wnfvsfeckq,0
test_pcpayegxjn,0
test_zzwpahmuhm,0
test_gfkbpqllkd,0
test_xxoygfbecd,0
test_xfpsrhrpuf,0
test_hsiploapbe,0
test_zvzxqfbxlu,0
test_onrseejlru,0
test_qkmwsbbcrc,0
test_ikdtxwwzve,2
test_yrwbsrdmvh,0
test_pkoxemoxgq,0
test_hxusmfukyo,2
test_ydthfbgipg,0
test_yuuknyqupf,0
test_quofrwpuov,0
test_msgocwsqxl,0
test_cbldqfralq,0
test_mgcdlhtqeb,0
test_bitahfpmgd,0
test_dvzmvwfjrr,0
test_tqqothoxkv,0
test_zzjrlvcqnl,0
test_vzmxsumbkk,0
test_uftodxtxif,0
test_gawjteuqlb,0
test_sprdcpjrzk,0
test_jedkfntwud,0
test_brlbcujkln,0
test_jpllkxmofr,0
test_vpmwyvnedj,0
test_aewqqbxjvg,0
test_hcaowcsbqn,0
test_txuvmohdyq,0
test_uxacuuiffk,0
test_itjcanemxs,0
test_dtssxddcrb,0
test_omltqhmkgu,0
test_mrhssgdxmd,0
test_oodhahdziq,0
test_jdzualihsv,0
test_hikbcjmxwo,1
test_gmaojepxgq,0
test_mlhhzpmuvs,0
test_llxglfjwil,0
test_oefchpjmgy,0
test_zjrsqbdxcq,0
test_ojwsmyyyps,0
test_tvytkihlmy,0
test_ceyctcsprz,0
test_waqroijjig,0
test_npqhqokvhd,0
test_iihhwsnirs,0
test_elnkigyoye,1
test_juurotmdyq,0
test_yqrfchdzwf,0
test_wujuymwwbp,1
test_ovnwvwwwex,0
test_jveitndchp,0
test_nbvfxohwjt,0
test_rgcyuzyvxn,0
test_lmwxkxnfxt,0
test_hcvbanstfx,0
test_qfhzfkrqlz,0
test_istztcewck,0
test_vlsceowgxi,0
test_eylcvpkxoh,0
test_zuuucatwzi,0
test_cibnwsmrwi,0
test_wththxwplp,1
test_brqfvsyhjc,0
test_snqknsierl,0
test_atlprqduib,0
test_jbhdcgvynt,0
test_ncybrgtldv,0
test_tiuyscffpm,0
test_ytooeppxpa,0
test_mhqctctvsl,0
test_sfrcvfvkim,0
test_lowegwimlb,0
test_dwvrfdcygx,0
test_tlwultopgv,0
test_zuvexzlsar,0
test_fmvpghfgeu,0
test_velxwvvhzf,0
test_nxgeldwhtf,0
test_scfrufgwkx,0
test_txhmnozkqr,0
test_kiapdmxvbf,0
test_drcruczubw,0
test_uibxibiozx,1
test_fnheunnrcz,0
test_dwvtbamgyu,0
test_sqcjurqghw,0
test_fmzvwsprvz,0
test_pwfhvgjztp,0
test_keszepluyx,0
test_hpkvvplikg,0
test_tjnjchazkf,0
test_ywqvzntixc,0
test_nwmoyzhkbe,0
test_oepyfreuxy,0
test_sogjkygvgh,0
test_vvgrihsanf,0
test_otcbjgdnrv,0
test_ckahqxsesf,0
test_ebwumoshfq,0
test_bneagdxxau,0
test_seqcctzvyn,0
test_jvjddoipix,1
test_shorstqvsv,0
test_laqeauesrj,0
test_cusqqxtbnh,0
test_mwriqymuhq,0
test_hqjuqeffhx,0
test_dqotbmbbza,0
test_zkkkvmsyvw,1
test_jdezcjayrs,1
test_kkypervaeq,0
test_qfmfenvcfo,0
test_wsiqwtpvig,0
test_rkxomqsspx,0
test_qbuhimbuju,0
test_qvelonpwci,0
test_rnllljascn,0
test_ewwateoipz,0
test_mmxreldabh,0
test_cfgahttqfd,0
test_tlppvqbovl,1
test_dhomwtaqxf,0
test_tokuacjuzm,0
test_yzryovxkpt,0
test_zayrpdijca,0
test_jocpsrgccc,0
test_visiefttal,0
test_yozpcqtylj,0
test_wfugtuemdi,0
test_bxxlebdfhn,0
test_gqadcjgygb,0
test_vxzkhxckvh,0
test_xuecixwufn,0
test_pvzpkiewud,0
test_jauxlwmeun,0
test_qugekowhxk,0
test_rbhefqaykp,0
test_tatckwocid,0
test_erxjqpqasv,0
test_atcubdeasz,0
test_avagdadkoy,1
test_dzzoxfnuyk,0
test_xrgaeycifi,0
test_jhunxubqgd,0
test_hmrfdgshhm,0
test_syfidkdalu,0
test_mokejbbfog,0
test_usjabuxmry,2
test_matmruvkzv,0
test_jdaiktjwww,0
test_raqnbciduu,0
test_fucvdjwtpf,0
test_kksnxkubzw,0
test_fsvqpjotxn,0
test_hpdhjcqnhh,0
test_yfynvusnbd,0
test_hzgdkbsarb,0
test_nwyxylglnq,0
test_xzzctmpgwy,0
test_fbvjxtmkbe,0
test_jpcxyepypw,0
test_cheekqmtyj,1
test_kujlivsrwh,0
test_qxsybnxytz,0
test_xnugxpavcd,0
test_feptmnzang,0
test_tmraereled,0
test_gtusqvadzc,0
test_hdvtvempyb,0
test_msirpjuurj,0
test_sbpoaarmxb,0
test_eonythhgqh,0
test_nblrlplhiw,0
test_dlxujkwyis,0
test_tftmtfeobb,0
test_qtbsxyzxvg,0
test_bptlyxhcou,1
test_jacwvtnxhf,0
test_htfiawiypk,0
test_fnkcapymxp,0
test_rbbjwtxsmt,0
test_qvqqkkqnym,0
test_ufkmpxglln,0
test_zxuyysaydy,0
test_klusfzucsh,0
test_kewkmniraw,0
test_rsnzjmuhhh,0
test_xpwthjvkcv,0
test_jerlcfefck,0
test_zhajlevzhs,0
test_nkzsapamkp,0
test_zuxdpaeiuo,0
test_lmemsemyrq,0
test_gaqwykhohh,0
test_yhcfyvzoqx,0
test_eezqjfqogd,0
test_zulmvpvthg,0
test_xfwzlzfspj,0
test_zvlhvwjuff,0
test_vjcfflryno,0
test_lilznydrid,0
test_hrobjllywk,0
test_yhnurquywd,0
test_uylctquuhb,0
test_xjowvlasup,0
test_vjvlxdvglj,0
test_geklawggbm,0
test_fxscrecdgv,0
test_guhahixyhm,0
test_fivrevhuyc,0
test_qxcrsetkdu,0
test_kwpfilhwyd,0
test_zlcghxhxgs,0
test_ubguzczldl,0
test_zjibrqlvwa,0
test_niluwjqtls,0
test_zfdihpwjkq,0
test_idwsacewpv,0
test_zqyhwoefyd,0
test_apqrhmgxfa,0
test_wjxykfnbdt,0
test_wlcpgotamf,0
test_iebhfvdtmh,0
test_ywqoksotgh,0
test_vmzemqycyh,0
test_ejjmwpwkek,0
test_oxsrzaimmf,0
test_gkbxcxjvlm,0
test_dottkhpcqw,0
test_mkmfcapwwl,0
test_cajmehtltt,0
test_fpdygpdaom,0
test_ucgbqkofeb,0
test_yrickrtasc,0
test_drsyybnmzm,0
test_zdxovmehsj,0
test_mlmponvxdh,0
test_ctulywjswh,0
test_zydsjmeogb,0
test_idkjztgcxl,0
test_fdosazuklr,0
test_bqljtwcelh,0
test_hdpflmtpqh,0
test_aysegciwff,0
test_seroicuyjn,0
test_mgwmcatsfo,0
test_foerblqnhf,0
test_iajulbknux,0
test_rnykwghmzw,0
test_xcnjfalwau,0
test_dmrkbxcpng,0
test_hgdyakfwul,0
test_usppxhfxwb,0
test_zqlqruftrm,0
test_qompulqzxe,0
test_mkrszaakgr,1
test_kmbtfhfqvp,0
test_igntahcmut,0
test_hbdppncxow,0
test_mqprvvfymm,1
test_mxsdrmnptr,0
test_qsxytkifmh,0
test_emdhsbsgzc,0
test_atlsizblnb,0
test_tfygrfnnjt,0
test_fuueqhfwpr,0
test_ilbretbgbp,0
test_vppnesttip,0
test_gfmcajzrsk,0
test_hxagrjijev,0
test_dxekpklvbd,0
test_vnxczbdfyy,0
test_gxmghmhvcz,0
test_gzcqheujqi,0
test_iclebjmvym,0
test_ukfswdxafu,0
test_epewhlhkdx,0
test_wlemzmjkwg,0
test_winbfruwaa,0
test_hqxqamdabg,0
test_llwurouggz,0
test_cqizevbqjo,0
test_uaskgjryjj,0
test_ykoscpydwi,0
test_khbnykpnpp,0
test_uetkmrqcbw,0
test_ufteolpnke,0
test_xfoyrzbnky,0
test_ymcdhpvbkm,0
test_hgoptfmdsm,0
test_ltnggmbxwp,0
test_cdqivhliuw,0
test_fsweqnlkgk,0
test_ewioslbijy,1
test_npwnwxurxr,0
test_isxlthcnuz,0
test_xaffkmlgrz,2
test_xwqozgnuvy,0
test_iohmvoizna,0
test_prukmcturl,0
test_nwyynduziv,0
test_ugfhcwekdj,0
test_fsmnjlmaha,0
test_kbqpnbowxq,0
test_dncsnxmnoc,0
test_ybcngxkhln,0
test_vzzzpalnrf,0
test_nrjcynyako,0
test_pxcevrfybj,1
test_gdwjhlbmpc,0
test_pvmjptsmkx,0
test_brakpqxxed,0
test_iqytvhcyrd,0
test_shsdshtmjd,0
test_pyoungwzoo,0
test_bbimrulabo,0
test_hahnwkwvtv,0
test_aqzhgzhezi,0
test_gwnrvehyid,0
test_vfathcbiig,0
test_typjogvolh,0
test_ejkljqybim,0
test_bhjbeujogr,0
test_xkfxplyckt,0
test_zmghfpgakp,0
test_wswtnuonhz,0
test_qvtbgpilih,0
test_ogzuvxnaar,0
test_lvksjwfevh,0
test_pocywijolq,0
test_forfdgiygm,1
test_ebztnvnfmm,0
test_xdnlzzzzkt,0
test_xjpoijyyjz,0
test_ghjdbxunpw,0
test_txiqilixnt,0
test_igmgqpinvt,0
test_nmbjeuutmy,0
test_yuzzobzcod,0
test_idsjcqbwfg,0
test_kscexjjxnp,0
test_wznrebvmut,0
test_iwsutycgzl,0
test_yyfqluabxd,0
test_klgemvacpf,0
test_izimwctzio,0
test_gfzzscbuui,0
test_kdetlujuvf,1
test_abxxjhksro,0
test_qumcxlmfgw,0
test_hgjisfejxa,0
test_vszbbdnvdl,0
test_yyoobutssw,0
test_gqovlgpciw,1
test_jtrsbwydgz,0
test_spehndcvfo,0
test_zzsdftspfv,0
test_rvbmwewbts,0
test_wlffxdoxdm,0
test_pfesefczhc,0
test_gmnqbpnbxv,0
test_ccxcdkntob,0
test_czdtlvlxsr,0
test_jijedhdiag,0
test_bveantntkz,0
test_thquuizbyv,0
test_kcdvfatnzg,0
test_tnpxwgellz,0
test_zzpucyvbcq,0
test_fmtcbmsnwo,0
test_eigrzhutwv,0
test_rafjwoepbv,0
test_thdbzjwlbw,0
test_hhmjnqpcue,0
test_rgkpmvmvao,0
test_hilmfxoeiz,0
test_yqrkqrkfsw,0
test_rhkgwpmypm,0
test_hedgryacif,0
test_rtkigagezo,0
test_mqmbiftwsx,0
test_ojechgxapg,0
test_bunxxvzoqz,2
test_uuwzmspwbu,0
test_yhstvrkesj,0
test_ggweemkuvy,0
test_iacsosyvwa,0
test_ugxxtxhpul,0
test_isrxsynrtm,0
test_kkvbrtjhub,0
test_kuhamvchli,0
test_zyflldnwor,2
test_uruiamqjkq,0
test_mpcgoinabn,0
test_tlucleykhz,0
test_bqtgzrsjnw,0
test_jjgfczppnw,2
test_pkqkplblhx,0
test_qphplyoxya,0
test_swbjajewxw,0
test_grtzoguewj,0
test_zrlqblygxn,0
test_wmygplsibw,0
test_yaqzjzujxu,0
test_fdbhgcbvux,0
test_yuztzraxbg,0
test_egiwzdngfm,1
test_nvaoqldscv,0
test_hgkxmesavc,2
test_yiobyztkao,0
test_jmbzzyevhd,0
test_ofufiabcqn,0
test_lxtpfgiyfq,0
test_nkbivnzjgr,0
test_xjgrusxufk,0
test_gjnbugovep,0
test_tkptbyvxhq,0
test_xzbpmewdzm,0
test_dwscijrmyw,0
test_ztzcicreni,1
test_lpquzlztun,0
test_todwbrfywy,0
test_spzhgfbicy,0
test_fbkpjmqcsm,0
test_qdcookhnxj,0
test_jlpuvxvhtx,0
test_cgirjtfder,0
test_rpvxwggtrn,0
test_poovbezmvh,0
test_pnhpldaqoe,0
test_numwrflcqw,0
test_jajknyeobx,0
test_pshjgqbfhk,0
test_bnyirnjpmj,0
test_etljdrcvxw,0
test_gkehlqgiww,0
test_nfogghyyjk,1
test_losdggestu,0
test_oesdlnedhl,0
test_viquafzcsc,0
test_ilbqyhkmpv,0
test_hzywrldmia,1
test_nvuwtskinf,0
test_hpyvubvojv,0
test_mnzkwzcvmw,0
test_jhparymojx,0
test_ificsikywv,0
test_izjnlihjil,0
test_lhddnmqghd,0
test_sqfysaayqz,0
test_mbkihsqohm,0
test_vwlgxfcsvy,0
test_esdixlryjg,0
test_ubllbnjogh,0
test_pkngqvyopo,2
test_fowzuguowy,0
test_vuikbearcc,0
test_prqzwpcync,0
test_yduralqokg,0
test_idlsxovnpw,0
test_hmozuoymoq,0
test_bnnugadxpk,0
test_bqmdpcaoqb,0
test_atxgokhdbo,0
test_sulujqqrpa,0
test_pgtzopoclg,0
test_foqoqhtprn,0
test_gpahpplqfo,0
test_ttlsqwtjla,0
test_ebbwvnrtio,0
test_vzqewthmfm,0
test_glaqjmlmxl,0
test_twwtwrzgif,0
test_jnayaxhobh,0
test_lvbyhlqbpy,0
test_nemgxufezl,0
test_ejjkqyidsx,0
test_usqegmmcxr,0
test_ykarnqjmvw,0
test_crxeukysat,1
test_xjycrduyal,0
test_aoxzcchfod,0
test_volmyiqzvr,0
test_gxydrauhag,0
test_hyfwnroxzp,0
test_ustrqaycbp,0
test_skvwkfealy,2
test_oiwxagnqvv,0
test_pemxpynzbu,0
test_ksadwammec,0
test_eedertcblx,0
test_jaqnnflelk,0
test_sikorcbrej,0
test_ntjxrputyl,0
test_iydlyqjdsh,0
test_txfqmmbpnr,0
test_sfgzdfvcbn,0
test_qnvgytdmvs,0
test_bokuwxevuv,0
test_wkmpyavgve,0
test_fhricpaodu,0
test_bbjvtwznuw,0
test_mlgxlpfhdt,0
test_jthdudjhbl,0
test_exwvypqcfi,0
test_rcfdbecytv,0
test_qcnloaghax,0
test_vyfehrfqfi,0
test_zrrkvhqubf,0
test_fsxejaiupy,0
test_iechfzqmzy,0
test_jivxqsdamh,0
test_qmihfephvs,0
test_ljfxvecxgy,0
test_amebwhrhwh,0
test_iqhknjqpgc,0
test_fcixnelrko,0
test_djjxnseuew,0
test_frghxdqgox,0
test_vtgxxzeotd,0
test_huthliqaip,0
test_occcsajfvl,0
test_xxgbwmvxko,0
test_wkqidmancj,0
test_kshmwqnvtj,0
test_fcrolbfakq,0
test_yualkrbhvj,0
test_zhfjzhunkb,0
test_ubmeupzgrq,0
test_baaudwsxex,0
test_xziqodlhla,0
test_fyaturklwl,0
test_mvreydlfyv,0
test_lutppcvqel,0
test_oicmyjpvmu,0
test_wwgmegimvt,0
test_deqwsmdhnk,0
test_sacnfrwacy,0
test_qjgtgmrsuu,0
test_kxzmudcyde,0
test_retchxzjvz,0
test_skqfxkmacp,0
test_dqiwzkufbn,0
test_eccoqavdnm,0
test_dahknokpcr,0
test_fvxqpivmqe,0
test_yflrafuqdk,0
test_pbpujnxlze,0
test_rxxfcotlyb,0
test_sepvohtkyr,0
test_kptrlisfla,0
test_dqmeacpdas,0
test_gegheyeflx,0
test_eaxfuoohyc,2
test_ojyimkohoc,0
test_hyuouueixn,0
test_wgmfvgwjdd,0
test_oltfqumcdd,0
test_ndkbpkdhjy,0
test_ccpaftjlur,0
test_wmnooeaqpg,0
test_dsrymvduet,0
test_cgeqscodte,0
test_ftchifzbjr,0
test_kchyhnqjmx,0
test_tqtupxaozl,0
test_aifmctoula,0
test_ajkvuhscpa,0
test_ztmkrtsixv,0
test_wfwyqdpvpy,0
test_ixfbdefvpc,0
test_xacuyugjki,0
test_zpkwiezxft,0
test_dkjgxtvftl,0
test_vdcpbkpjka,0
test_qmngxfwavu,0
test_pihnepfcqx,1
test_cxaqgjkidg,0
test_afysbrhhwh,0
test_pdhcnikqwg,0
test_svmqbmmoqt,0
test_pvkwdsuumg,0
test_cdupxqxdat,0
test_hnpabhmllk,0
test_rvlsgpcrbb,0
test_psrlpwihrn,0
test_mztoyvkkbc,0
test_lxbzotnirj,0
test_otfxmnrzzc,0
test_ybswahukec,0
test_ytvgzzkqfo,0
test_upkhlhpaen,0
test_nauodwhuql,0
test_azqgivsngw,0
test_nwejytwrzi,0
test_vpmxvfqhyu,0
test_ifzobjbxgs,0
test_pjwrzuxahq,0
test_fymzugvdic,0
test_zywedsqipw,0
test_dvfwbrskld,0
test_wzglndurrb,0
test_skbygbhqxg,0
test_wytilacoox,0
test_uevddrzvrt,0
test_mpseshcllh,0
test_epqbdeepug,0
test_mcemzkbujj,0
test_myrngskfof,0
test_slnrxgciyo,0
test_lmaezkpbqx,0
test_rcebykthpt,0
test_owlwlqgbfj,0
test_wakgnrdhsd,0
test_avshdzjndh,0
test_kotsxwtdon,0
test_tlcvuselje,0
test_kncbtbdrze,0
test_dndjshnbtj,0
test_fwmkbigwrj,0
test_acdzymeqju,0
test_zdtmjvamjs,0
test_dxresbwkbp,0
test_lkvlcbcjfu,0
test_ennpcdooxx,0
test_pnjjaoshqo,0
test_qciwkbfeet,0
test_kduphjhcvh,0
test_vuezajifnl,0
test_ufqcggcmdb,0
test_wswnpeulct,0
test_spyscrwxjb,0
test_oatczjlkoy,0
test_feexiywlkr,0
test_izhvwanojy,0
test_ndawqeyats,0
test_ysxbcuaycw,0
test_rocxxdmslb,0
test_suanrkqndl,0
test_cagddhnmxl,0
test_pyngymbmzu,0
test_aopylrrtuv,0
test_mqrzipbdpr,0
test_yverpczdyg,0
test_nhlkfzctyu,0
test_blemscassr,0
test_ghfjfxnjgu,0
test_jrbhupeywz,0
test_dmonpgiruj,0
test_kdfygofdmh,0
test_mfrxfzfdja,0
test_jfsfygkvke,0
test_cletolbvho,0
test_zwfgjzvadc,0
test_oeygwxeqps,0
test_fqxpbqhluy,0
test_gqcieirvah,0
test_ideysrsipq,0
test_ptmnrlhheh,0
test_ylgbqmwiqs,0
test_hwsgdmqzdc,0
test_zgtxuxbwaf,0
test_tuesicbxck,0
test_apxuifmafc,0
test_lasqqjyvvb,0
test_ykzgqjngeb,0
test_rgafzxwtto,1
test_orfjhpsotf,0
test_njjyrxfbpi,0
test_vwqffqqgjr,0
test_srocakmsbx,0
test_envwabmocp,0
test_kjhittcaxb,0
test_rtaoqrbgbn,0
test_wgajjehvgr,0
test_iexzmrbxqs,0
test_qvkpwoysnr,0
test_wybpmzzbur,0
test_ceeevuimub,0
test_ijwjfzrxqv,0
test_vdigqkaaan,0
test_tzjrikdmzj,0
test_vdeswbogtq,0
test_tmcxivpjjz,0
test_uluzwgdrzp,0
test_dsdwoxdpkv,0
test_eyfjenhdvb,1
test_xyxuqlzwjj,0
test_twonfviwrq,0
test_sabbeheref,0
test_pkiwwdqybm,0
test_vgxzgdljhf,0
test_mngdbnhdrf,0
test_konmqulrgm,0
test_laxjuyjnyz,0
test_kquntjhwng,0
test_zsqjazlmhh,0
test_mnnzsbssld,0
test_enxgzatggw,0
test_rfgaglsxsa,1
test_yamfevscsz,0
test_wuqkbzyyex,0
test_jegdupqate,0
test_tzznehgbqh,0
test_tlwqwpseud,0
test_rbdchkivyp,0
test_izpkeqjudo,0
test_athninmkqj,0
test_dfyqgwtcyh,0
test_lllnauhpuj,0
test_uqmjfksdjk,0
test_kakkcqyytw,0
test_laxglppfgq,0
test_hrxbvwpzoa,0
test_tzoajnatvd,0
test_epvpzpihlc,1
test_qvzvrqzyhd,0
test_lbzgizkdst,0
test_zvfcfdjvcd,0
test_mofytdqbhw,0
test_cdmcicmfyk,0
test_qrexbxpyos,0
test_wahfsqmmmt,0
test_cljfmmahci,0
test_aqdqmmvaqu,0
test_tqxffhmxra,0
test_oesrvuokxd,0
test_hmrnhxgujt,0
test_yjllmpvtwu,0
test_nmvsydfvqm,0
test_jaotiinynx,0
test_wxfgnmvozh,0
test_zpiejrycpo,0
test_qintdwtfzf,0
test_acalxzvuzp,0
test_xyzakdyztj,0
test_grxbcctvxz,0
test_doompfnusm,0
test_qjvluqntuo,0
test_fjlwxcqpnz,0
test_uvwnfgpzkr,0
test_ribfjpzgyn,0
test_chfsccbbcn,0
test_aemlbbtycp,0
test_djmggvktbt,0
test_besxqltucz,0
test_vzdawdlcoh,0
test_ehdipodqdg,0
test_miqrdqwayx,0
test_itldiqahyq,0
test_xnpcykpoqw,0
test_znhwfmqhyd,0
test_dmdzshdnfn,0
test_lqubeutshg,0
test_liiwctgqbp,1
test_ktvwjfhesd,0
test_ksjtvknxrt,0
test_ybaujkrbih,0
test_dumhxxxftj,0
test_zurexjjkbv,0
test_ffkwoacocc,0
test_zafidtbvxa,0
test_qangmlwkcg,0
test_scmizrnyhm,0
test_qwjhczzzgq,0
test_nrrninowdj,0
test_rjkkrrzygt,0
test_mcuwtwjnpr,0
test_osrxviavfo,0
test_ewtlcyqxdf,0
test_jrovncqhhx,0
test_jxywlhdeie,0
test_gcztlqbszu,0
test_bjmbntymqs,0
test_tuhdkhjrdr,0
test_xwaqvisanq,0
test_uxgmhwvuwz,0
test_ucevuoieje,0
test_xbwtinhjjv,0
test_ohkzzftued,0
test_pzhkkyzbxz,2
test_hherpbfoad,0
test_yvpsvnphgv,0
test_czbygigvym,0
test_mkxlajzmzb,0
test_yaylkpvcyp,0
test_mbgunskdmx,0
test_skgmboqxum,0
test_tzfanmbfzd,0
test_qivdtdflcs,0
test_dapdhxsinu,0
test_kinuqgoino,1
test_vhrnwgbgmo,0
test_gscgjqrvac,0
test_vkwrimegsx,0
test_mdjgnqpfux,0
test_erhhipwiok,0
test_tepomvnpho,0
test_esjypyanud,0
test_qncakfizmr,0
test_pedrnlxfiy,0
test_lrextrrxle,0
test_lnmzdfarhd,0
test_dzmrvvpleu,0
test_rrnzziogso,0
test_gkpkjsssxx,0
test_lkizroyxmr,0
test_twauvinczc,0
test_fpbhppoqei,0
test_mcheqwboku,1
test_apzlhlcrml,0
test_bshdkqcoou,0
test_eckekojkqx,0
test_fiiqbctkqa,0
test_elxothqbuq,0
test_wygvlckotp,0
test_jcftjauxom,0
test_slejpnbhes,0
test_ibubvlcabn,0
test_hnyixrzcta,0
test_qsnclpkyyt,0
test_eqxaqjznwm,0
test_mhsjgysgju,0
test_glqxvoecxn,0
test_dnwhxlvube,0
test_fklmfhrwtz,0
test_iuvsxnjcwm,0
test_gtinpmmwtw,0
test_bqzojpkvto,0
test_srdqhswlhf,0
test_hsxmnmahdd,0
test_unyrpxjlpz,0
test_khvpxgtjwt,0
test_qbvqwoofhv,0
test_yomhneuneq,0
test_leakpciwwr,0
test_mwsxuqufac,0
test_plnwrwzklz,0
test_hnnovokpym,0
test_fwjobvrzga,0
test_kwjzdhsang,0
test_pegdedmmey,0
test_aecwbncejs,0
test_xuyvxbupcw,0
test_vekpekziwk,0
test_lfophcbmnq,0
test_lqnizcpkuq,0
test_xznebgwvvj,1
test_izzvdhsrtg,1
test_dekefjjbdd,0
test_wwiwnohhrz,0
test_ibtawfoopt,0
test_cjouhpnkqn,0
test_snrutudhfi,0
test_gvvdfmmpsz,0
test_wsouzgwonp,0
test_mfgdxlbpba,0
test_exwlotbwqc,0
test_jpqiwhsmgw,0
test_utzmciypef,0
test_fsjyghrwdi,0
test_tuqkomqrrc,0
test_chfwhfaxkv,0
test_mtjnygcmcy,0
test_wacgqjfkkp,2
test_zwlheascrl,0
test_gweqzpdojw,0
test_ihlpevhqgd,0
test_smrsgtfkoj,0
test_ycumnypsfk,0
test_mjipawqpqz,0
test_ncaipyvsbn,0
test_euncvhtpkd,0
test_spfrqvxrve,0
test_lvdgyppzhc,0
test_ijlgauuyzb,0
test_eczmeggjpg,0
test_vpnwtcnlbg,0
test_wmnlaizjgi,0
test_ptqtnjkdmd,0
test_lpgjccdpnt,0
test_bkcbiaynol,0
test_jpuokrvzkh,0
test_pztctdvzoe,0
test_lrsyariwjd,0
test_xftapfykum,0
test_xgwlhcryly,0
test_xoqcguzzfz,0
test_mpwckwowwn,0
test_dxfaunppau,0
test_omkcsftuzw,0
test_catiudjdky,0
test_puxijwasmh,0
test_omnigqohqx,0
test_yctlcbxjsv,0
test_bxczqcodem,0
test_ggwxrcabjx,0
test_umvoksijue,2
test_kuxulfwtfp,0
test_uwtcmilyeq,0
test_fbjhqmcyeh,0
test_expfzgxyvx,0
test_jsvitcjrir,0
test_suyexdwpeg,0
test_unljgzqbjx,1
test_oegmftzaqj,0
test_xsbvozbavj,0
test_jmwogvxswy,0
test_nftmytmsiw,0
test_tikpjkrkaw,0
test_qxqfpuyrzp,0
test_nlsjmrqtxg,0
test_ckhsklyfkx,0
test_rgvaxqxaek,0
test_dzurfewtdr,0
test_wtrjahabmb,0
test_arkecfkulp,0
test_wjzeoyjwkm,0
test_mcxpzdjgct,0
test_rgrgwoibru,0
test_kdwrlsgxrj,0
test_wsoyznaijj,0
test_erlcgxvsbf,0
test_ljozwqtxkr,0
test_omqdiughtk,0
test_idkncugfcg,0
test_bxxifxbihz,0
test_migjkllbmo,1
test_rdilfkijww,0
test_crtyvzuhsg,0
test_kfwbnkrfxo,0
test_kgblvousmt,0
test_iuziuuhzsk,0
test_jbumawgxcx,0
test_iykcnplfwp,0
test_focxweuifa,0
test_kebdnanvzd,0
test_xqdafqtamq,0
test_rtkmwfnwra,0
test_kanchscczt,0
test_tykcklcxlv,0
test_qwnquywmpq,0
test_kuuozcpqro,0
test_ovqifvpvvo,0
test_muptpbnaqb,0
test_cyhpgoirox,0
test_seldklkftk,0
test_ejbxgedgyn,0
test_kpfdomffvp,0
test_bcbtlrxbaf,0
test_yjvywwblfs,0
test_dxvskpjzwg,0
test_qvpodcllnw,0
test_tybbmxkepu,0
test_tnwmovelhj,0
test_lyokzwfcoe,0
test_rsdxdseljh,0
test_uqdauoumge,0
test_opnmtkqrps,0
test_hzswydrjly,0
test_hvccvymmpm,0
test_dxrhowbtdm,0
test_jexudffqsb,0
test_nkucekenpb,0
test_kjgmblflyg,0
test_wxlopunule,0
test_qdwikbqoth,0
test_vnmyyxgvnp,2
test_vktoxmytuj,0
test_zsurgrfsix,0
test_aelidccket,0
test_phytekfejb,0
test_bhffxalkey,0
test_wykmvvgjyn,0
test_bblejxuanc,0
test_rxdfimrjsq,0
test_trasnnkoyr,0
test_afwucycoeb,0
test_inyudtevsk,0
test_cjuhwijuzv,0
test_jutqywuyeh,0
test_ahauvtfhhe,1
test_sqstpppkah,0
test_rghgfblaac,0
test_xpmtemackg,0
test_mtquaczsdw,0
test_ckbryphmun,0
test_udqxhixozc,2
test_vzdchkgmdn,0
test_tfehlahpnu,0
test_wjidiwmcfp,0
test_tqwkdguebh,0
test_ayxcgkpcxt,0
test_hyamocbbis,0
test_mcajchoenv,0
test_aknriscgpw,0
test_xzsclvqqxk,0
test_trxpogbhdl,0
test_hrnsqpwhrz,0
test_ndypnlebuy,0
test_ktafhsimsh,0
test_nomijydkri,0
test_tdlqhmzydr,0
test_bdsgmkveog,0
test_ptfobwyncx,0
test_rlxfyrsvih,0
test_gqfggzustr,0
test_dqvmtskekq,0
test_zcavcwvljv,0
test_znwzbvoxdc,0
test_gwkgexywdx,0
test_sluvqnqyjj,0
test_dpvtiuaehp,0
test_mealqhvana,0
test_titbndrfgp,0
test_preifrtqxr,0
test_uayhcfvnis,0
test_leptkctcnn,0
test_bhhtauehqd,0
test_bryqdabftn,0
test_zsmrymuvvf,0
test_dlclhuuhmg,0
test_szhrazbbui,0
test_kjbzhmesff,0
test_kdibjxtfap,0
test_hfherimtyr,0
test_bhmqedbtty,0
test_cotuyskqod,0
test_zhaygeugot,0
test_ngrwzzyqfl,0
test_itukjfekfe,0
test_qqssfdurrk,0
test_friilzmopg,0
test_jofkcregqs,0
test_tvzgtmuzrs,0
test_hnxmpungpt,0
test_wowojkovko,0
test_zmwjrmqxxs,0
test_frbacejosa,0
test_njwgruruxi,0
test_huyjdoocnb,0
test_wxgbsajdsv,0
test_rsqfrhayqi,0
test_hntjohipur,0
test_rsbkvoobjv,0
test_ujhbsalurv,0
test_ynklhfdpwn,1
test_ftegdzyiui,0
test_mlgynzvdtx,1
test_lvdzzrqutu,0
test_dyaoczwebq,0
test_domablcfwg,0
test_vtqaxeezqc,0
test_shjcdgwmah,0
test_iaurgxtgbs,0
test_enhyywsmbl,0
test_uutngcuhhn,0
test_amciwxgudj,0
test_hpwvtbxzai,0
test_iovwetypcn,0
test_lgxyfjrgbl,0
test_jnsdeznfcs,0
test_bxnqmvjccu,0
test_ntiwuidugx,0
test_pktdhwjgjw,1
test_vxfbfpntpk,0
test_cszbygbugd,0
test_qzilvmazrb,0
test_cpmdumxfrl,0
test_snaxfycaof,0
test_lesvrydsrk,0
test_lcpagzrkgq,0
test_uaaxiuevxv,0
test_uynloygwts,0
test_whcgzajrut,0
test_isxepqbipj,0
test_oaqdqurosb,0
test_wiobrpkllz,0
test_wnqsqzvofs,0
test_tjsalzzeaj,0
test_rrgodtnbop,0
test_kfjktcxaks,0
test_hztgpuxulk,0
test_dnybugdkal,0
test_ndlefjbdrf,0
test_ukjjyygmas,0
test_ubmtdjeaen,0
test_ilpwtiqxyk,0
test_ljwbjklenq,0
test_zekrwrhndz,0
test_kbaifxxbui,0
test_ibtcyjolsx,0
test_pdpzbxbyqd,0
test_ktidwxfroq,1
test_swcphwdqur,0
test_ixgchtaufi,0
test_xxuadyyutu,0
test_lurnpjdncs,0
test_egtnyaxjsg,0
test_oifxcbkcoo,0
test_hlyaebttut,0
test_icrsgampyt,0
test_afhkjljjee,0
test_qyezgygram,0
test_cgkjdnjriu,1
test_mszceosgbt,0
test_rutplcxrok,0
test_vfgdhgdiyq,0
test_ftxzyywlln,0
test_cgpahqkebs,0
test_fczvvrhwpa,0
test_fmwzkimauq,0
test_aukegarjwr,0
test_tvnyydvmhv,0
test_velkweodll,0
test_dcskjxhmou,0
test_tyhpimeyft,0
test_gqkornlkrj,0
test_ylvvldhtff,0
test_smxmhcmklk,0
test_voawcnbdyv,0
test_jewmcnksvl,0
test_fkuzjvnfin,0
test_digikqjdzv,0
test_uhanxkgypq,0
test_flpmjoyxqj,0
test_pqvpdygxyn,0
test_yobqvombvt,0
test_svunfyziwy,0
test_hcpmfcmawi,0
test_lhmdegvojo,0
test_ralwknyscy,0
test_dnqlvmvatn,0
test_knkefhawww,0
test_tdbqriohpk,0
test_xsihnalqvy,0
test_nkuznrzhmu,0
test_wzcrzwkiyn,0
test_wpepepfgjk,0
test_tgeugioeny,0
test_rvtqhsgpus,0
test_qdbgswogwu,1
test_cwlykfpzdk,0
test_oyyzwbvpoy,0
test_ygbakznyfc,0
test_djmzydjsrq,0
test_lclhogyygn,1
test_uoqmurktul,0
test_hmwjsobsce,0
test_jwfxzfweaa,0
test_smfjeuonzd,0
test_mpsvguwrus,0
test_osnzxodhgx,0
test_hlddzjayoo,0
test_ctvyyepywz,0
test_vigpqfopkb,0
test_gvdrltytnb,0
test_ibjvfocvnn,0
test_alsbqmohsp,0
test_zvkosmtyrm,0
test_vepuzmlkmm,0
test_dmbsbrjuej,0
test_mngqptsilo,0
test_rvuffsumag,0
test_qocuyfgqqm,0
test_dmxadhqqbo,0
test_livpmauixc,1
test_qeavqlbreh,0
test_pbiehhddns,0
test_oynnihnhvg,0
test_czezlualfn,0
test_djwswjuafi,0
test_ahynqdgukv,0
test_ptcsfcytbk,0
test_lbslybocim,0
test_pfpaygowpo,0
test_ixgjeissfj,0
test_yixzndmumk,0
test_olcqqdgutu,0
test_ypllrbavxt,0
test_bdoniqbxgo,0
test_oxcfgakfek,0
test_nggyizcbii,0
test_siatnfwgsx,0
test_kvyqgncast,0
test_wujadbijhn,0
test_xysqozscvx,0
test_kitdbmtbta,0
test_xfkbpxqsou,0
test_xdztrjtzka,0
test_abpvvysgnj,0
test_sdubilfgyb,0
test_upusomgbkk,0
test_kvhjmsqacd,0
test_vhzbjyczuj,0
test_ifwztakvpk,0
test_beykugpqch,0
test_sxasiwnbmf,0
test_mxfkeexfyu,0
test_mhrpuinobd,0
test_nsilqtihxf,0
test_rklcbhxlel,0
test_xktusqidmb,0
test_cutgcsezuh,0
test_lwuwwlaoos,0
test_icmjnvnepp,0
test_lrkvnngkjr,0
test_iqnjtvdbpz,0
test_fnwrtzwokg,1
test_etykhhdtby,0
test_xbneriblxp,0
test_xzueqojzdz,0
test_qpwlnhhnvx,0
test_tlcxhjbmof,0
test_irvsnbbpaj,0
test_fqlscroqyh,0
test_hpjnwqxerz,0
test_bkdmmmuelq,0
test_ysakvxadby,0
test_tqrcauswjm,0
test_swlneeqjas,0
test_cheawbncwn,0
test_kwphhrvpea,0
test_tnxwrteuuz,0
test_geysycmbko,0
test_laqxkoyglg,0
test_rdjkozzrzy,0
test_azgxdazivw,0
test_hjrlfjfzgj,0
test_htguladozc,0
test_hykeibawho,2
test_zicajrlvhx,0
test_kxxabubcbm,0
test_ckzqphdlqw,0
test_uaspukmuug,0
test_cqytjuytca,0
test_rwdexwivcd,0
test_tshpovhjuq,0
test_mbnfgnmlfg,0
test_vvpcvgpuxe,0
test_emchkxigru,2
test_axsbmzofuo,0
test_kgcaptvjaf,0
test_bmzojwviur,0
test_pinksxfcaq,0
test_abhslcyoxp,0
test_hhxdfmyddc,0
test_fmwubdiosm,0
test_lclzmpoiif,0
test_mgmhqojqwv,1
test_xzhrfhyzia,0
test_xptbkpynlh,0
test_wdhqbrwhwq,0
test_hdalgnwuon,0
test_zegkqdkanq,0
test_dosiqrwvti,0
test_dnjedwocjb,0
test_ymatpjzngg,0
test_hegcobvfbz,0
test_cpafdelxvi,0
test_myfkxyixyv,0
test_zgksjdgsxn,0
test_zdnhcwoeth,0
test_axmiggofpd,0
test_fkvccltjsb,0
test_fuzilqeept,0
test_wzfbktopbl,0
test_zdebubephy,0
test_kyclynucbw,0
test_wqfokkxtvx,0
test_owpjwaefgp,0
test_vnoydmsduo,0
test_woyltlgfkf,0
test_pycigypjdw,0
test_vtjugqdlwk,0
test_yttgicxkeq,0
test_emyljugili,0
test_mgfrkrgupj,0
test_gydttacegu,0
test_vkosqbjcbw,0
test_drbghhdots,2
test_ksvutbutdi,0
test_rnoefvcttu,0
test_gtwejqpmed,0
test_itjqldhlex,0
test_bjprvfgzen,0
test_moloounqbm,0
test_eewmuhjkkx,0
test_mtgtfkeunw,0
test_nzkcclceyd,0
test_butoekwwvi,0
test_yquifgaqor,0
test_kghqieuvfn,0
test_ninbwvoari,0
test_qqcsimzors,0
test_aihldpweqf,0
test_qxwoqfjlzx,0
test_xncbredmth,0
test_hynlsaehqy,0
test_anhhltavkv,0
test_ijiirwfvsq,0
test_vguqrsbzsi,0
test_qlgouttcva,0
test_dsyncbanss,0
test_yegxppvzqz,0
test_carqxncpss,0
test_rgsuznujrm,0
test_dompjuelxx,0
test_ckxxqoygua,0
test_zwvunpoodj,0
test_emrcptabpd,0
test_fawraebvsa,0
test_bjtyymedjz,0
test_liwdfxnmto,0
test_wdnzsritjd,0
test_zcaiucetbh,0
test_xwbwllsmbg,0
test_baqaaukbei,0
test_peyiwkehnm,0
test_lukaodsvod,0
test_mwezyotwla,0
test_sreljoliia,0
test_fmhplnznaa,0
test_krqihdigyw,0
test_zgmzwvbkyk,0
test_egaiemzdoa,0
test_grtuaywquy,0
test_vjwsrvzbpu,0
test_uewrtqkzwd,0
test_pyeysfjcil,0
test_mojybvqlnt,0
test_eofdhwxnjy,0
test_xbgriipflu,0
test_lprlzoxyul,0
test_ilprmaivdu,0
test_fnfptlvidx,0
test_vdkdfyoxgj,2
test_stvrescidk,0
test_ltestvfqqv,0
test_ldvvlrtqop,0
test_ibfhbwjdqy,0
test_pdtoweahnm,0
test_jxobhhfgnp,0
test_kkacxekotq,0
test_jqogivsczx,0
test_aefeqnqasg,0
test_sitojdzbyg,0
test_zoaehxwicj,0
test_dakluqnuqb,0
test_eycfllzepv,0
test_thhqqzdsbp,1
test_fajmqrguhp,0
test_bzdbpffbcr,0
test_vukjigwcgd,0
test_tibrbuofrv,0
test_kcmkdrxmzt,0
test_fyexdxmtnb,0
test_jyuoowukmu,0
test_bzoewafpab,0
test_gikparrxkf,0
test_pohxeskarf,0
test_bhqtwzhask,0
test_hmfeqtsmcc,0
test_myqwjupwbv,0
test_icagljrttt,0
test_defvfijcsg,0
test_mtgurzdour,0
test_uhsfbdqgwf,0
test_eioziuqref,0
test_jumdywxmpl,0
test_hafnzcuizi,0
test_ymopndavpl,0
test_arstvnxpka,0
test_dxbdaldbfi,0
test_zghgvwexau,0
test_nrkjywezvt,0
test_pxuemzosba,0
test_rennxjmiar,0
test_bjrooeikkq,0
test_qtfvaozjtk,0
test_wawbfbajig,0
test_xemjjiwwya,0
test_shjthgtpzo,0
test_yhnbgzrxxa,0
test_rabocwtody,0
test_rfybnzarxv,0
test_fmuiiolalt,0
test_fxtrkhoxmc,0
test_puowcljnde,2
test_rfawjsepdz,0
test_sfrakfvfxw,2
test_pfbcqgmsur,0
test_hhmxdjjhsb,0
test_agbijgxgjp,0
test_ilaxlnixjr,0
test_xjogugzvbd,0
test_veufijeyry,0
test_pmlypjxyhp,0
test_qjsbmnrtke,0
test_falbpmfarz,0
test_bthwiprjty,0
test_gikxuiyszv,0
test_frxedysgiv,0
test_uiwaxntugu,0
test_qtywmhpulr,1
test_guqrptcdgs,0
test_evueqddusm,0
test_cxesdsiqhk,0
test_jjqrtmwunx,1
test_txstiyddro,0
test_symcyhufnq,1
test_qveaswrrue,0
test_ruqzxtxkyq,0
test_fngfpzfhyw,0
test_vcrmglukqh,0
test_vispljdtwd,0
test_jpdgdjkirx,0
test_slumsgvcen,0
test_kfotpnqtbk,0
test_izjdxbtjvu,0
test_dhengxppnk,0
test_kjktrdffpl,0
test_sztlfgjnzx,0
test_taihgydczc,0
test_buqywasoat,0
test_mapytgebkd,0
test_ilyfxevyqf,0
test_ojsznvzofw,0
test_yeolxirqum,0
test_ooecqqhjwf,0
test_ryeleevlcn,1
test_pdfgajugpx,0
test_ctfozmjlbe,0
test_uvntqgoarw,0
test_xxiqqpvvxk,0
test_fvxwoqrtdt,1
test_pnmkluezly,0
test_qyjdeabyrp,0
test_ducpteacjr,0
test_aznndbdbzd,0
test_ikyijwknuy,0
test_fanzbqtwmd,0
test_bylhaomzmz,0
test_wpfclfhnsn,0
test_wecqwehlxo,0
test_apzsevvcgo,0
test_ipqxvairee,0
test_qhapsjrsbl,0
test_dogfaqzylu,0
test_clpkjcgdnk,0
test_ufecvlfamh,0
test_tndzmtdwsc,0
test_cwtokvulkb,0
test_jkplgomtqi,0
test_sfkvovdrnq,1
test_utursexcvf,0
test_jhlxuwktmn,0
test_ejucczfdxw,0
test_yxxjepetwv,0
test_urfompwqaf,0
test_fneppazdod,0
test_itmsicnmvu,0
test_xcnqwfxxxk,0
test_hvcqichokd,0
test_fdwnrnfjbz,0
test_irpabkzqmh,0
test_tffwdtlbma,0
test_phducocgrz,0
test_oseqcqnufm,0
test_cztvlzlwwl,0
test_eofzbnlivl,0
test_wqtzxypytk,0
test_hmgbdnxvdm,0
test_jtvyddlqmz,0
test_mqiwwlzdsf,0
test_jltymoxkia,0
test_yawylyxkma,0
test_bqhazeftdy,0
test_vgviaqbcem,0
test_laapzjwxcs,0
test_tyzdntacww,0
test_dgmbuwkpcp,0
test_jiemnwnevt,1
test_himxzrhpnu,0
test_sarvmsqjia,0
test_dwbamuswue,0
test_hczvurtcdc,0
test_yoxuasuooo,0
test_bqhfrmcgve,0
test_yiejxubagl,0
test_hpmfqgyims,0
test_jtniwfdfff,0
test_rbmhqyljaq,0
test_hvldrjnvvk,0
test_iszewmgiee,0
test_ealbogdhwb,0
test_yqwcxbuhtl,0
test_masrmdabpb,0
test_xuxfsbvkwc,0
test_jbzxkfnvym,0
test_bqxmhpbzeb,0
test_abtfrdvqpb,0
test_rygdqblfve,0
test_dmwkxdxszh,0
test_vhwchhjdbn,0
test_ecrbujefzz,0
test_yfybxlfpyz,0
test_roodmkwmrk,0
test_qlhrfverof,0
test_gqjizlgpjf,0
test_ckcaxcltzf,0
test_rvznyqngdf,0
test_onnzxszorw,0
test_dkfopijanr,0
test_ciwgvsjnby,0
test_wvlpmzewug,1
test_nzryuqxfaw,0
test_abmrnavpky,0
test_najtmptxxa,0
test_oilauxslsg,0
test_yowblisjdz,0
test_dliahtnbvq,0
test_ovivxjnheo,0
test_qoxwacvewp,0
test_letfjuhjyj,0
test_ivnsywicaf,0
test_isrdcyqnjw,0
test_ricwfeyevd,0
test_jgdasgzxfu,0
test_whudanbfed,0
test_blbqhpjyxb,0
test_zpesuerbog,0
test_esavagitso,0
test_sjqqunxftv,0
test_tanwzbmrzi,0
test_yevihchayu,0
test_tveejfvasy,0
test_ntuewlerfb,0
test_clubimlwty,0
test_ayaosjfolu,1
test_ujakvohrra,0
test_mhjmisyzba,0
test_nllpnuhxpi,0
test_vvbudspizy,0
test_gjtlncibhx,0
test_arelbvwrut,0
test_ildiexdwhz,0
test_btoluourcq,0
test_ywsdibgicy,1
test_ixobavnimz,0
test_lmtfothaap,0
test_lzppwpxluz,0
test_rvtxxnoaej,1
test_hhqytgatoj,0
test_hrtnwaktkr,0
test_tueadoerqe,0
test_phdwaeaprw,0
test_obqxqlrdgb,0
test_pvjsjyuoyi,0
test_uwaodaauhn,0
test_bwijjjuebh,0
test_vzscuwxnts,0
test_wmpaadjjtq,0
test_oxebdnfbkg,0
test_whpidqxhqz,0
test_esqddbepds,0
test_daklxfrrxv,0
test_edukggecvq,0
test_hfaringmww,0
test_ghuwjhpqxo,0
test_tyileorwrg,1
test_wddosnrnzh,0
test_ylmywoqeaa,0
test_ddmktlraxw,0
test_ryzudsfbba,0
test_gqknhdqgec,0
test_cbdvxpxzwb,0
test_iojackkfjn,0
test_khnbzkgwnm,0
test_nbzixejggn,0
test_ekdrsmbhdq,0
test_fqkrnrdegt,0
test_qqfevtfvbi,0
test_lmjyikkgxy,0
test_xojmyabkmr,0
test_ubgjsnnqvr,0
test_vhsehezmvr,0
test_bgdubfmqvc,0
test_xgghswyfru,0
test_fuxmvvubwg,0
test_swulsqnmwo,0
test_mhsfrsulxc,0
test_mhhdjojphm,0
test_dmphvnkssm,0
test_pqnyauawee,0
test_penuwrcvsk,0
test_rkkracfclz,0
test_fwfdadctof,0
test_apqiozdmsq,0
test_abcohuwmla,0
test_gujebisume,0
test_bckqlytstl,0
test_rujkrrykcu,0
test_szihwrlepc,0
test_eyvfgntjpi,0
test_uqazwasrip,0
test_ghwjyedduz,0
test_fczljoetvr,0
test_iujgbwflzr,0
test_lrxqgmjsrz,0
test_nlzlqtinaa,0
test_gafrlzjcuu,0
test_fojmldwspz,0
test_yqpwnbfhyz,0
test_obmzmwtmxv,0
test_jqpqlpdpxn,0
test_cohruksand,0
test_jhgwycprhe,0
test_isxosfnxrx,0
test_nfmlttggsm,0
test_mpokxafsxw,0
test_zvzjdjhbge,0
test_hsepubllkb,0
test_rliklnwhzp,0
test_ohtrszcqla,0
test_iwleuenzdj,0
test_heegrgvfok,0
test_lwnyiookdj,0
test_zljidmzxzl,0
test_fjbmduunzx,0
test_nmnrnfcybt,0
test_tjmjeumyft,0
test_hrcgiskqcc,0
test_tnjwelftou,0
test_balzxqleqq,0
test_aeogfwzndm,0
test_svauhlzjne,0
test_xwvhqmuhex,1
test_fpvwtfdfvx,0
test_pvveullyiq,0
test_eljcbvakza,0
test_aupmimdjmo,0
test_duexwfbkye,0
test_ieligyrwoi,0
test_hsqlfuslfd,0
test_vadxngjqpw,0
test_dkkgcqitst,0
test_sgygmhvmlz,0
test_kocauuafwp,0
test_jbtatpilaz,0
test_sdhcghwejq,0
test_shqntscusi,0
test_bbnugamong,0
test_zlsstocyhu,2
test_yvjmppjrxu,0
test_utofludngl,0
test_sqjswjaeql,0
test_dfhezocmhe,0
test_pieoozslrj,0
test_jwejwgjyah,0
test_ymhwnabmkz,0
test_brgmxaskwq,0
test_xivhjwzexu,0
test_stnsomvxlx,0
test_eueoqudeiw,0
test_vqrqtiarfz,0
test_vjnaasxbob,0
test_clftyqwrct,0
test_mivdjvmxra,0
test_rwtucpjaqb,0
test_szscquegvc,0
test_ymwuybvvtu,0
test_wlkksvpbzh,2
test_pvdmcuzmfi,0
test_fpykatejzp,0
test_djtpildzdr,0
test_dzlykaijzd,0
test_nrekoiaoes,0
test_oefxzhfoon,0
test_jquuwcgsdm,0
test_lcieludzju,0
test_ntmgqqblhi,0
test_jdrxsvnywb,0
test_pcojylfkyu,0
test_yfxmfeafou,0
test_ifxlxacuqp,0
test_mietrgpmhd,0
test_qkoqhwuocp,0
test_cbdayaewzv,0
test_wgybsqcmdt,0
test_awqxubajkt,0
test_jccgomvdqn,0
test_xrytdtiord,0
test_kewtsdfpts,0
test_vnngjxqngc,0
test_rigdrdprqk,0
test_qkdoddvtgc,0
test_pidpydxsif,0
test_kytakgtwyv,0
test_fixneinmce,0
test_rmuwfnssvl,0
test_bqvikbilpt,0
test_awhwvskhrn,0
test_sdqdqolnti,0
test_tlahlbmube,0
test_oamfiaghgt,0
test_fximspxcuo,0
test_vudrzgvvln,0
test_lkwkxvtpbg,0
test_pbvrlkcimm,0
test_jwhfygbaij,0
test_izvjuehbcv,0
test_ueepeelzws,0
test_lmiyncsozl,1
test_upvossnoyr,0
test_snkwduocsr,0
test_auesyxviar,0
test_qgpksfsbdy,0
test_pqozyevjev,0
test_bwwtpnrvnx,0
test_lzflefvumy,0
test_orbrytmrmb,0
test_kvzhofqhih,0
test_ifoqldtckl,0
test_xariiulugp,0
test_roevwlwqif,0
test_hxdtauxawp,0
test_rqhkcflzsm,0
test_gvbucnqfzh,0
test_ohqoqhkgta,0
test_nxdjblnftv,0
test_gacohglpuo,0
test_hcvbexnbxc,0
test_bismmceldi,0
test_ytzulfsodi,0
test_clurjkblej,0
test_vczeyzwujd,1
test_bzjeizyjdh,0
test_rkymoighvd,0
test_hstvlkuofq,0
test_bjnjdfkbuf,0
test_puisyjsojp,0
test_iloszfbylf,0
test_tlrdjejhuu,0
test_sbexzydnas,0
test_egivhifeiz,0
test_wkfxavqfxh,0
test_dlrvaatnhq,0
test_etryjsxvov,0
test_nnqegnszbb,0
test_mxvqsxdtiw,0
test_xahkgierim,0
test_uoostiipwx,0
test_cykbihvfor,0
test_uzgjfluune,0
test_wvmribwcbg,0
test_qbvgjqbryy,0
test_djgsgivrht,0
test_tzvuhgrzru,0
test_jgqkuneocg,0
test_jebivpebdi,0
test_pbdvrvelbo,0
test_hjelropntq,0
test_heiolewpfr,0
test_fxagslgpvc,0
test_qxjbtgppiw,0
test_sjxiswhneb,0
test_qotzvilmoc,0
test_plyfrcgvsr,0
test_ajgeuxsclk,0
test_gtflwfqvyi,0
test_smqeaguann,0
test_qtpfqbfdbp,0
test_bsqlhijrki,0
test_wpzuoydgzj,0
test_wrobmzwlfl,0
test_lfnjophooe,0
test_rthmpkgckj,0
test_qcxsmvowqb,0
test_webqqjzpua,0
test_qevoyhesvu,0
test_hmclrjvxxn,0
test_vinkxgkafr,0
test_zyrozpfzya,0
test_shayfefjmr,0
test_bgcnxmhohv,0
test_qecgsrrlxj,0
test_ogcfnahval,0
test_ycjjvbqelp,0
test_wgxyjbdjze,0
test_fgvfcvxanb,0
test_lduxtdfgvr,0
test_lgmhxkdogl,0
test_xpxsahsdpx,0
test_elktshdktm,1
test_bjpbvoioip,0
test_rjgpbzythi,0
test_fdrmwiucvn,0
test_aquqmstuzf,0
test_knvjvtkgfu,0
test_lxugelkaxz,0
test_lcvfoptttf,0
test_feguqswrwk,0
test_kbyzwpddld,0
test_ugmvoebmca,0
test_sihcvqebra,0
test_smiuvhsffo,0
test_uirxserqjk,0
test_skinwemhnb,0
test_hcquyczzrr,0
test_frzfqzwwys,0
test_meakarlctn,0
test_eictdxosxl,0
test_vfbovqabtn,0
test_pfknsjmhpb,0
test_ylgsviazzu,0
test_iljmbytiyv,0
test_lranmuzlpz,0
test_aljzfwpkbc,0
test_rplrnahpmh,0
test_bhywopohtz,0
test_qonueauojn,0
test_adwdpdvahl,0
test_fbdmdsvyoe,0
test_ubkkdczhvf,0
test_dqhdisissg,2
test_clzoulzmzb,0
test_spoaqfacmf,0
test_pqtygfscxu,0
test_umehgyavzv,0
test_ptrjrcgiou,0
test_jukjvxdlxd,0
test_dviqcecbyg,0
test_esoguzrtlk,0
test_wahoiwsmkc,0
test_gjfhflzshf,0
test_emyazxiqvl,0
test_zwfpaigxqm,0
test_sjbsaapmvh,0
test_rrzgkokfkq,0
test_ptflbbhtxm,0
test_iterjeioiv,0
test_djyahvgodj,0
test_naxxfuasmr,0
test_lhhhevofrp,0
test_keyberefsm,0
test_fgianolhof,0
test_dgxttwidbg,0
test_ppsllrazcc,0
test_rkudyrgllz,0
test_lqfywxidlu,0
test_pvwjqamdur,0
test_kmbdunwmue,0
test_mdaxgjvcke,0
test_dacpyntwnm,0
test_rnrleqpdgq,0
test_bwrtasebmd,0
test_qvappzzqoi,2
test_cmlhizaapi,0
test_fcjuwqoiuf,0
test_pthirdovwj,0
test_pdafygygtq,0
test_gucyiptyda,0
test_jsfoqqqwvl,0
test_iutcxqdyui,0
test_bitqjnsfis,0
test_qeomfmbwxa,0
test_emkxnhkdbo,0
test_oxlwdyadbv,0
test_zuezkengsp,0
test_irfxxyfgis,0
test_grsxeouftm,1
test_hecfwnjagt,0
test_vnunrjofjy,0
test_yrbyjbsbjv,2
test_hgcjmjbdyr,0
test_ivwdvehhge,0
test_spgbqvmnav,0
test_cipgwncquj,0
test_hyiirnmecx,0
test_wykqwqokvc,0
test_fumupvhdso,0
test_obxjyfmtxd,0
test_wgjmznirgu,0
test_qcahiqlmvd,0
test_sqkkcottfn,0
test_janjafxwsr,0
test_mhljjuqizb,0
test_mhkkkaugrz,0
test_tiwscutacq,0
test_acbkdpmjut,0
test_utxqqmueww,0
test_wpigocudqu,0
test_jmqyeiwmjm,0
test_tahmzqqeoh,0
test_zzdoohbgtr,0
test_qjenfuqvjy,0
test_qummjzpvek,0
test_tamujeeria,0
test_kmemoiotvq,0
test_gnljnvusuj,0
test_qxezsqmten,0
test_cuqyshzrtu,0
test_lbyiatxktk,0
test_puzyseeigx,0
test_lescnsibuc,2
test_okyyxdvmtn,0
test_tnhephnnun,0
test_iaeapkvgvd,0
test_aopauztlyt,0
test_aebhilokwn,0
test_saqsljexma,0
test_zhanovfeqk,0
test_cfyvmdayzz,0
test_otzqrdhbxb,0
test_hphrlzhjew,0
test_dlxigzbwzo,0
test_vjcqeaaltq,0
test_hglkofslxz,0
test_rvuhshuwho,0
test_uamuabrbls,0
test_sgvbzfuihd,0
test_twngorlnvr,0
test_ordiyhxewl,0
test_ooysufvhng,0
test_lzlhvlwsgn,0
test_yzqadjssgp,0
test_ksmvetrije,0
test_dyuwjwfulv,0
test_qnbsvbywbd,0
test_rbicjlnwab,0
test_qkcmsxvozx,0
test_eqtjrvajob,0
test_lncdkxcchz,0
test_bpzpziywuo,0
test_yojsbpxbet,0
test_kcfrcbpamj,0
test_gkkvxrgwlp,0
test_ycbcrazyrv,0
test_oicqlcszny,0
test_ukmciajogj,0
test_ddymuidfzn,0
test_feksdeyxeo,0
test_ljibtiottn,0
test_rmvdyzllcv,0
test_grhgoqxljy,1
test_cthcxxlija,0
test_xzejrcxjes,0
test_uewjtjcutq,0
test_plkxmzrefq,0
test_ayiomigypn,0
test_rouprwinyq,0
test_fhixagjtwp,0
test_aoexghckll,1
test_qgjsogmvlu,0
test_banjailyrq,0
test_fgfqkismky,0
test_bjidzvljng,0
test_sdwgldiqlg,0
test_hopafnvlhv,0
test_dkxkniuegm,0
test_ranjyjgezh,0
test_glywnfuexf,0
test_tgkhyojtqc,0
test_vbgduxxgnk,0
test_pzrloxywnz,0
test_vtjkorjjpq,0
test_zllfexyqem,0
test_ioxpufdlkq,0
test_fmnppszgkj,0
test_veavsdqlst,0
test_xjnhtehowr,0
test_fmtzjbruhp,0
test_aunursaeqe,0
test_orxfhheydm,0
test_muotwxvuiv,0
test_yupnxhdcza,0
test_hvayiorije,0
test_oyanryaifl,0
test_vozdyczkuq,0
test_ihrkouayoy,0
test_jvrjjzaflc,0
test_ynrniugnrt,0
test_orwfcfmsxl,0
test_fwixrmextq,0
test_xbuptpgmjf,0
test_ccdcjkapvz,0
test_jpmscvvnze,0
test_huyqaypoan,0
test_prsoherdkh,0
test_zqoxoxfocs,0
test_sybtnwclsm,0
test_tfllvwygtd,1
test_cocctvnkfh,0
test_rjooihhech,0
test_lgxxhtjzui,0
test_cyrcxtuflg,0
test_zyqbjwgeoa,0
test_mjzymdjsjb,0
test_fxzpmzfcoq,0
test_zdusdkengz,0
test_xnhextrtas,0
test_bdxvlplqlv,0
test_yrvkikezlp,0
test_kfvfzfjbaq,2
test_ytwyzeguzz,0
test_sjdaumvwbk,0
test_ifvlpjzdxk,0
test_drvulpwvtn,1
test_wsyrlhjqpi,0
test_tdnnxalffg,0
test_jegxgwfjqe,0
test_fwhiremhwh,0
test_orhbxfnrfv,0
test_kxjkxzsawe,0
test_ykjmjjepgp,0
test_wtsyiyulhd,0
test_pozupoiwym,0
test_rdctnazobw,0
test_vunupqpmdv,0
test_hutxcqwybn,0
test_spgqnqlmev,0
test_gsvscryxvo,0
test_yomxvrxdpk,0
test_unxdusjcyu,0
test_nptahzistf,0
test_cqcdzqklct,0
test_cuctiuueze,0
test_dvijdlhcwn,0
test_ucohliekgh,0
test_ugdttvjwvo,0
test_flwoszvosn,0
test_dzobbrscmg,0
test_uomdtnrfhu,0
test_vnyupqxxza,0
test_mtzziotzjz,0
test_riimtlsefc,0
test_acdkgnbolb,0
test_eykbfqqeed,0
test_gzdrumxclx,0
test_ezuxaugmyz,0
test_sjnelwrycb,0
test_hnsnzmngcn,0
test_xxdamitotx,0
test_ntncbqvvsf,0
test_hjoiaagsjw,0
test_gybdduwkbt,0
test_urxjvhbvvz,0
test_ruklfdthin,0
test_hqivmccrqn,0
test_inamwgwbyz,2
test_doztrnjpgl,0
test_uukthhxika,0
test_evypqlyuoq,0
test_ugkvibqwgb,0
test_reyqvjdigu,0
test_tjtazpjcqm,0
test_pxwwygtfms,0
test_nsmpyaznog,2
test_gilgcxhteb,2
test_oxfaadsxwc,0
test_ubqkwuxmpc,0
test_ciryfejpjs,0
test_njpmfqamrd,0
test_vpstxcyhik,0
test_yhfaxpxzax,0
test_wzfepvavft,0
test_owhwkkiean,0
test_pcvzuiodtf,0
test_vdsuplbmtw,0
test_mgwzicwgcd,0
test_ghaenjjqfu,2
test_wncmuxwrzs,0
test_twamwzflvv,0
test_ijezclkhdp,0
test_dbtvnvnmpv,0
test_zrplngigvo,0
test_dtdsfmjxog,0
test_bycowqderx,0
test_morrxukueq,0
test_ssbvjpvtpv,0
test_yyueqjwlip,0
test_xcdizqqsil,0
test_kfchboviib,0
test_fiwwmdhisf,0
test_dftbnnykss,0
test_pcevncgqwb,0
test_talnnwqnla,0
test_ksyloktwkh,0
test_kzgowlygxr,0
test_uwjulosolw,0
test_ztwfsduigo,0
test_qbuvugnjsb,0
test_yybdgffhnz,0
test_pfazsaalqw,0
test_lgitespwmf,0
test_rtwrzugdlf,0
test_xoyyyfadck,0
test_macrrxilgh,0
test_czdfxxlwjb,0
test_ujvllhqfgs,0
test_wrqrnaqnxm,0
test_nwpvpdiryk,2
test_ynatenlfds,0
test_orgogvnlvo,0
test_qoaroxhdqz,0
test_hzmcslaorm,0
test_wuxutzmzjm,0
test_eeynjtabhh,0
test_ghqaqwbprt,0
test_xqtcgzygkt,0
test_fpyieyxqzt,0
test_aaowsiucei,0
test_rneriqoyby,0
test_pyzqnwgzew,0
test_vvvbzyujdz,0
test_mwpxyjprrt,0
test_wpnmhyaaqh,0
test_gfvibhdeup,0
test_vlxghtygun,0
test_walovnyaxo,0
test_rpawxizrbs,0
test_daeeguesjr,0
test_opactfrrtq,0
test_ultkaaxcqk,0
test_mvnwwdgcvu,0
test_rhokympuux,0
test_rgxhtovbyi,0
test_yxntxkjwku,0
test_lcuxnryikr,0
test_tgdsstozor,0
test_ccxttdkzkr,0
test_giiychgemc,0
test_wtkdntzhcw,0
test_vxeqdwsgwk,0
test_dhrjwlmrvt,0
test_gahxcwugrd,0
test_hvmmuvetcd,0
test_kwerwdszid,0
test_ovnfsshhsr,0
test_bfentvfgdx,0
test_msbcenhisn,0
test_rfntvisxuq,0
test_enfkbhwhdq,0
test_mjonbmmbmi,0
test_rbscvrcxee,0
test_kxoxtgebih,0
test_bbfzjturnh,0
test_uhbbxjopfb,0
test_dhizbchbgn,0
test_txmicxuyvy,0
test_vpdsvrhqya,0
test_iyfuqbobcq,0
test_peoydlslip,0
test_kinxavmfrd,0
test_ckyawmynxd,0
test_qouesdpnod,0
test_bfevephyaa,0
test_plqwblfwir,0
test_bskpemaskz,0
test_jmgianibnp,0
test_kxrbgajlai,0
test_swidxrqwqo,0
test_axopegqddn,0
test_skuovfkuyi,0
test_bwhkizlvdm,0
test_yebopmfvet,0
test_qgduzivaem,0
test_qkadmmldub,0
test_iwejgthtjx,0
test_awpwcetrjo,0
test_omysevitdo,0
test_tkuaaiysqx,0
test_rmzghmibop,0
test_wxzpqellcw,0
test_hqlhbbqlcl,0
test_osihipekkh,0
test_dqyrjaqjff,0
test_tudaidoqic,0
test_lgqeacycaq,0
test_usrtheuwgl,0
test_juudhkmuib,0
test_ybykutcyic,0
test_mnkztfolwo,0
test_fcndquooxc,0
test_rlfzmqbqvq,0
test_toyqfrruip,0
test_cpllnmpsyr,0
test_dijpaxytst,0
test_tgvldgtoer,0
test_quitnywres,0
test_auxyayahns,0
test_cduzwxvcyk,0
test_gllaazwrch,1
test_whrugdazbr,0
test_pstenlzlqo,0
test_kzoubvwccc,0
test_hmcmpihgak,0
test_kjjgxqntoh,0
test_eugspsjycg,0
test_lblwtqtdyr,0
test_lirudhlcwb,0
test_kusjwvyjgx,0
test_rvhkyilvkx,0
test_oksviqpecn,0
test_rypxcgbktk,0
test_rdruvddoep,0
test_ayoiceqopb,0
test_fqlvfjukgy,0
test_fupegbkguo,0
test_hcxmlpkgcl,0
test_gnybnhqriv,0
test_xxtbmxyift,0
test_orxyqekypn,0
test_rvftrvospb,0
test_niftlegijl,0
test_eqtxdsidza,0
test_wnjqcikkai,0
test_igpyhjogok,0
test_iunfyxdrxl,0
test_bampkzybth,0
test_cvgetoyguu,0
test_xoiulaygfs,0
test_ozrozplihl,0
test_vrujgmsbgl,0
test_gmrqtfaytr,0
test_zofgustzku,0
test_nogjucsssq,0
test_fivzvmykem,0
test_kctlmalgaq,0
test_kxjglhezbt,0
test_zgnbazcdky,0
test_hmxnluqwsu,0
test_fazzzvsluy,0
test_senbwqtnip,0
test_xrahqyfnmp,0
test_zuywjhetfx,0
test_glxpfyvdda,0
test_hbufwpxnti,0
test_eublfqmrnz,0
test_ictauwigsi,2
test_tjfpzonauy,1
test_datdaegnvh,0
test_psrvqjtidj,0
test_xcbxfvbbcl,0
test_iecdjqighy,0
test_kgteclutbt,0
test_bwolkvhurv,0
test_gyipljflul,0
test_lemaltqzvd,0
test_mbpqhzfcvn,0
test_lpqhpyngpl,0
test_mjvwgtsneb,0
test_bhmbqnxryd,0
test_zhdgdggejd,0
test_fkyyattkup,0
test_smjzyhgwio,0
test_jmttullajn,0
test_ezcfjffvdm,0
test_zifwqmaelh,0
test_czryddsule,0
test_gxkccntppr,0
test_gajhdiqymg,0
test_fbmkjkqrqu,0
test_rrmrviknqa,0
test_rklkvkemei,0
test_vunzvlgnex,0
test_iufmmkngwi,0
test_mhomvavrkj,0
test_httqyjpakp,0
test_xhmkgaigtj,0
test_uxyztwycna,0
test_euwwtzeefs,0
test_zahtflnrqv,0
test_cnqsbqtcrv,2
test_llycbkpzvi,0
test_fdmmxrgorm,0
test_drcvqoedpd,0
test_hobwcwbzyq,0
test_xkgwsipkob,0
test_gnjwkqntnu,0
test_qiuhcbhbam,0
test_esjbnvrgaw,1
test_ednvygpzst,0
test_blajuidakq,0
test_vupauajcwb,0
test_krsyvzhfbq,0
test_efnjfxzvxh,0
test_eymrtmdqbg,0
test_qzbfkmqlcb,0
test_kyhpudahob,0
test_pumkgwsdbv,0
test_nfluebvszs,0
test_vzbtcfkugh,0
test_hszcfxigof,0
test_eylvdvewql,0
test_ttlsgavpqx,0
test_tbhyaxtdqp,0
test_fpasedyvod,0
test_iqoekawppd,0
test_ixajwfdjyr,0
test_lbgulpqoog,0
test_yyeppwyuqy,0
test_xnrdpftvla,1
test_khjpnwqwjn,0
test_ricnlqnqmz,0
test_gvgrvhxxre,0
test_uxhhrcjduj,0
test_gowhtxkkbq,0
test_uyhlceyzgj,0
test_kuahoeemjy,0
test_ymirbevdyp,0
test_xolbjlezjr,0
test_rsfzmezuuf,0
test_yaulrotkxz,0
test_btvchddexi,0
test_ppfhuqsdkc,0
test_ryurjvkych,0
test_laiwnfocfl,0
test_tnggoniglm,0
test_pvrgmveukc,0
test_dzrtguwtif,0
test_zhqmjtwfta,0
test_chipeadrwz,0
test_fhxwssmljd,0
test_jqdjaebbsb,0
test_ashgcgbffx,0
test_allkxqvrim,0
test_fexvnfwptx,0
test_njkzymbbut,0
test_supcysehea,0
test_lgjohjovpp,0
test_srregrpcpq,0
test_stbeakpwqz,0
test_tuzsetkgxs,0
test_kgvrlzwahi,0
test_ijlelmboxd,0
test_cfhzmtmfto,0
test_mdpdhhejue,0
test_fjzttmuzax,0
test_yfpmgohmes,0
test_sgzikokhfb,0
test_vuuebhdykc,0
test_ppkhglqjyc,0
test_atevxbxrfd,0
test_xxmaentkuk,0
test_qqzkkfnrkd,0
test_xifhuwdyoy,0
test_zvsqrqrpuw,0
test_zcposoxaio,0
test_uvjvxzwmet,0
test_uzhgounipp,0
test_guotnfmvue,0
test_iecqjilwtk,0
test_hcwxikiyax,0
test_mcdfssfqul,0
test_yrcstvemch,0
test_xpegspyvwn,0
test_pozukuosso,0
test_wkbmnsjkdu,0
test_arkeaokide,0
test_uhxtfcymkz,0
test_mpxmdsvbin,0
test_iquauoqctf,0
test_mqqyzlpkxn,0
test_peockcdlwu,0
test_sgylwywstv,0
test_uqlvhpvbfx,0
test_uiovpzogqi,0
test_nvkwpihmzl,0
test_wgrktzepsl,0
test_ibsexxofjf,0
test_gmdiqxoqhw,0
test_ytpmuliuky,0
test_lhqcqxsupx,0
test_ungqurovnc,0
test_xnrurmjamw,0
test_sdyntslwqd,0
test_efdwrxgvod,0
test_hlrwkmvwbe,0
test_rkslwtubbu,0
test_pcperijjhs,0
test_ibywtazyso,0
test_kofdtcjynd,0
test_dpbimtcxki,0
test_ixsejpjsfs,0
test_gvzvwwsvmo,0
test_rjerqjbbgx,0
test_fchihphsps,0
test_ixzrgdvneb,0
test_jdabfehrfe,0
test_hzvdtlkuiz,0
test_zgvyufyzkn,0
test_eipfbbxtgb,0
test_qfbhfwbcuh,0
test_eznzhthlqb,0
test_himgjjsyno,0
test_hjglnnwekl,0
test_eicnssgber,0
test_xwzrrxiihm,0
test_whcupydasj,0
test_lxzdpbjkzj,1
test_zhfflhsjis,0
test_zgtykwaylk,0
test_rerwkyiufv,0
test_ybteoyrsem,0
test_qpkabnbdrr,0
test_cngcirsryo,0
test_kukeddbkby,0
test_ietxvkojpx,0
test_xrxagzpioq,0
test_socgmrxmrk,0
test_uaogqebhxf,0
test_qrweitgtmy,0
test_rmipdohlti,1
test_mmfewhufls,0
test_qayczyiryx,0
test_enzibxpxfn,0
test_slrpuntmac,2
test_fubjkpiueu,0
test_ggocvmtvbg,0
test_srutlvjjai,0
test_kkybsxbqnr,0
test_zghipvxhkq,0
test_hcqmmcxrmk,0
test_fqaayncxpl,0
test_bnpeoctcch,0
test_lehsqcwzvc,0
test_kiigievxvd,0
test_ftsnjihrpk,0
test_qnxoacpqwh,0
test_jajbbyozye,0
test_dryqszrrhn,0
test_achllnmnix,0
test_yebmymroji,0
test_obchpqxugh,0
test_ociksqyadz,0
test_aobwzdbnim,0
test_ihcphpgewk,0
test_nteqklvqmh,0
test_oizauotrqr,0
test_ayughfqxsu,0
test_dgischrxtc,0
test_vscnzmhaob,0
test_lkoxxfopip,0
test_symlrfewva,0
test_wxsdplzseh,0
test_gmcqvgkakl,0
test_jenshwjkdd,0
test_cjjqezfklh,0
test_zjmuewdvhp,0
test_lmjovknibn,0
test_grtykjuqze,0
test_obyroinosd,0
test_yahulpnmdo,0
test_nqjtpoacar,0
test_qwctqcwuqk,0
test_yqxaikfrya,0
test_qpunoezwqp,0
test_yskiylkpcq,0
test_jjswxyfthj,0
test_tdqtfwgyba,0
test_cqtuwpjzol,0
test_ccpadvubfn,0
test_rsnqrmreix,0
test_bhhccogxfk,0
test_rqnbgszghr,0
test_ykqgkoutjw,0
test_sjjwueriur,0
test_kcbcwftkqf,0
test_xolkknazpf,0
test_zcwchveslw,0
test_guqkcddmdv,0
test_ppwnwglodb,0
test_mslxptszim,0
test_fvoiqlbbmz,0
test_lvmfihkisc,0
test_yntymrsnaq,0
test_dytbfrvmcl,0
test_bzrwwjyztd,0
test_opovsdqdrm,0
test_dijkueedqp,0
test_emhqzqhklo,0
test_bbpgubhylc,0
test_smtjabbmsd,0
test_fsmgvvajqf,0
test_bebesaqixi,0
test_wbjtuhfnol,0
test_vjhyczenmo,0
test_rwcufnxfdh,0
test_ktvcewzxbn,0
test_zmqzlimzgq,0
test_okfjxhfwvh,0
test_sppahjihtw,0
test_djhcnvsmac,1
test_gpbspkqczc,0
test_uwoarivziv,0
test_pyyyjrypnj,0
test_gcsavohwpm,0
test_ittfrsdkew,0
test_nundvntnqj,0
test_jcmojjfime,0
test_sezxpwnclr,0
test_usbalkotlc,0
test_fbzrlfkujw,0
test_ocethzqbxb,0
test_zrltqthkvs,0
test_bhtwttqmhy,0
test_sqloatycqg,0
test_efphjyyrru,0
test_lylfoafwkj,0
test_ozijvwmjpn,0
test_ivnjrxsyqi,0
test_ahvdgiewjy,0
test_dhyzuvgztd,0
test_uxmjuibmva,0
test_aplwdjyepl,0
test_cjumfpxbsz,0
test_bkxhrnawig,0
test_xpkrrwtajk,0
test_iyjaushfsm,0
test_ywuwlgzhag,0
test_xlucotfyfv,0
test_xpmirmecru,0
test_cwbimrwftn,0
test_icqbdorabn,0
test_umimgiczlr,0
test_vionwlbcqj,0
test_qgnhbyqexf,0
test_pmqhcbgaap,0
test_hkwjazvykr,0
test_jpanzuvspy,0
test_hartzfsccq,0
test_jjbzhmeucc,0
test_cyhipjenwu,0
test_lnfjekranv,0
test_znmcmloqpj,0
test_yyvafqhwhv,0
test_ttgymgofdm,0
test_dipmakwcnh,0
test_bbsxnmjxxe,1
test_cagrwljicw,1
test_rqlmqrnwdr,0
test_jawseroimq,0
test_uknvgbtymg,0
test_xhkbjkbiet,0
test_crpbqvihqm,0
test_irinvyoxvs,0
test_jylcubhlju,1
test_gwtqwmdnmf,1
test_vjhbihqoov,0
test_hewwmmyxmm,0
test_gtcpvhvrpj,0
test_iwbpjgznqg,0
test_yggapludst,0
test_fszkwbtxwo,0
test_yrckvfnrlt,0
test_jxvglzfhlq,0
test_xnkcdtlmzq,0
test_xenyqjzmxk,0
test_xtacjeuclt,0
test_zmhvqbappf,0
test_ucxfmwawzv,0
test_wadtndbyhg,0
test_mxwzumsuhx,0
test_ddmqeoeczc,0
test_dlzbflzkxt,0
test_oklqcgngdd,0
test_jdqtiafjct,0
test_xwfvgpktuv,0
test_ixwyxuiqqx,0
test_jgzqopynkg,0
test_oshnmiiydh,0
test_xejunmplke,0
test_gvzmhikqfy,0
test_cppsmsreuv,0
test_xvjxrxpmea,0
test_kypwbstlfp,0
test_frvolzvnwn,0
test_aecrmkyhwk,0
test_edjtirfcbt,0
test_pswbntmbmo,0
test_biexmdyjlg,0
test_vyzypdlyqx,0
test_dftillqbnq,0
test_qqhmbjzfvu,0
test_bzqrmeiawn,0
test_wqboumuvfp,0
test_pctyecmyrb,0
test_oumoqupqvi,0
test_yrvfjcxsff,2
test_ibmlefdysr,0
test_zizzpmwvhw,0
test_dfeklqjmup,0
test_gmrckotksx,0
test_mflemvxmrd,0
test_jhbxffbgoq,0
test_aihtkfjrmm,0
test_puwcngsdpd,0
test_gxbcerycdx,0
test_pbvxyhysif,0
test_hkrptseikv,0
test_qnlwvoneuq,0
test_lbnjwlhokq,0
test_wthefqxtux,0
test_etuclkgflj,0
test_dacpxlxswo,0
test_eenhrwifua,0
test_trcqupqcpi,0
test_qqejvnlnis,0
test_yolgukqcak,0
test_zcjbhcblfj,0
test_unrgnjyliv,0
test_rbhcretyyd,0
test_kbpfcluhkw,0
test_xbhkowzdng,0
test_yxyralqwif,0
test_dkpwmuiseh,0
test_uqjceqrywb,0
test_rccuqbwfnz,0
test_otxbmndyrg,0
test_yhkgtwpxpw,0
test_xfkorlrevt,0
test_qskqfsbzke,1
test_idsuaisaae,0
test_dsfyqyzpvi,0
test_whfjdizmur,0
test_hbhjfiduxt,0
test_tlnjxqqgge,0
test_okavibkehp,0
test_mblohdsgss,0
test_ctjlhbdscy,0
test_dugppbfepe,0
test_ykowiuzddg,0
test_ljwzpeniuk,0
test_lkkkfritwo,0
test_ualiqjgbon,0
test_qvudgbhalw,0
test_xjelmzltyb,0
test_rghheijjom,0
test_wvbpgclwld,0
test_ufudgqnkiv,0
test_gxevyiayvy,0
test_toyrnfnksg,0
test_ndnkmfmpbz,0
test_eecyagaspi,0
test_rdzcfpesiv,0
test_xsciopqure,0
test_updrpycvqq,0
test_rqanhgtykr,0
test_hyjqxnldpm,0
test_sbqfjbjpvb,0
test_fmnigkqqbp,0
test_cexcbzehxi,0
test_xqghiwnhqe,0
test_eomfpilsuk,0
test_yicfqtwfyr,0
test_kqeqpjwdhl,0
test_yanbosvani,0
test_btksinslii,0
test_sbumlgphgt,0
test_nmqbackest,0
test_xiaexahfqb,0
test_kplowbyjpw,0
test_nwijcbrfjx,0
test_spmdbgpxub,0
test_rzfypmypvh,0
test_xmccvoqyal,0
test_osdsxiegog,0
test_uwvlipsusk,0
test_agbbkvblls,0
test_seqzkjhoag,0
test_xgklghtfkp,0
test_rltgwglyer,0
test_xsycxxzjls,0
test_vbnaelxudk,1
test_wsuulzvnyp,0
test_njosfwlwqq,0
test_aktyuwciby,0
test_mfvrhdwcqf,0
test_amnpbbvysh,0
test_lfujdpaipk,0
test_dslzrtrzgs,0
test_sysmqnsnxz,0
test_wiuaosizme,0
test_bavxudytfm,0
test_iitbtwmoks,0
test_gjuavqtsgo,0
test_ricdgqxwbp,0
test_ogxeudjbvk,0
test_kqpmamsvqz,0
test_crjqtslujo,0
test_ohobekypqe,0
test_jstvckqfyx,2
test_bxyzctedog,0
test_yyhgjkcphi,0
test_ndvibaejuf,0
test_atyqbsqxkw,0
test_kobzcpeica,0
test_nrabbezrli,0
test_tiibaxyzci,0
test_haenoyrctb,0
test_tsdaoqzarx,0
test_zezbfzdnmj,0
test_eenuhaprah,0
test_cmyxgdlqmk,0
test_uinomcjbsp,0
test_vspqfgeldy,0
test_rsghscvhpd,0
test_puyrhpsduy,0
test_myootxpbms,0
test_ghexlqpcmz,0
test_iuilocgeie,0
test_uncyyrqjcq,0
test_afuesswfva,0
test_vuuztenege,0
test_jbhrohstwy,0
test_joyzngznvj,0
test_vyrfhgsemy,0
test_ipvhknmtzd,0
test_nwgqmnueue,0
test_tjkribdvgy,0
test_sdogdczneo,0
test_chkzxzrhxx,0
test_tsegitrbmf,0
test_wdaxmroinx,0
test_iglutdpgyn,0
test_bcbknxjinx,0
test_ftorvrxexo,0
test_dkeqlhpgjw,0
test_yjryvzmmbr,0
test_hpwhxejcjk,0
test_ycsrlylogy,0
test_wuouhfxegh,0
test_lewamryabj,0
test_kpiozedfjd,0
test_xcycmaqxwt,0
test_gswpsxgfjq,0
test_tfmpzffigk,0
test_loheiiiefe,0
test_vanoxyrgay,0
test_dyaredyxuq,0
test_xsifnppkcc,0
test_owpqckffut,0
test_jjhhnktlzq,0
test_pdlpgwlyoo,0
test_yvqonnmwxp,0
test_feiezokmkr,0
test_gjqmrhhxyz,0
test_xuyhedblgx,0
test_gijejvldah,0
test_oecgromquc,2
test_oxodsgxbcv,0
test_nvtvksozyq,0
test_rwqnudrpag,2
test_xgpdnfmkdz,0
test_mseeeuzdvq,0
test_iepkuvowdw,0
test_esoxmdarsx,0
test_ehxujzjipq,0
test_gkhdjrvoak,0
test_ubhbqqaodw,0
test_nekebxhpar,0
test_zclqtuzzfc,2
test_qvrhoablbk,0
test_mddrkvwgox,0
test_nethekfsnt,0
test_qaakwxezck,0
test_sdyzjlsskw,0
test_nqyndticla,1
test_qnolcsdxmk,2
test_zoggtxvusm,0
test_wdsnyprbqu,0
test_htgpzunxet,0
test_csnfwsqhdu,0
test_ogpxitwrsk,0
test_rsivhllgun,0
test_omognbmwep,0
test_ftfqiyczbb,0
test_qtszekppda,0
test_mxqkqhhtuu,0
test_gatzrqnwxq,0
test_lkfekudrbb,0
test_lmirzpskcb,0
test_ggzkonziqr,0
test_rkgdmefdsm,1
test_irqvueyypz,0
test_cwlgjonfij,0
test_tconrdeltc,0
test_jcntaxaduz,0
test_uohnizrgln,0
test_ajnprxqxfz,1
test_igjukgaurr,0
test_zkprztzcot,0
test_htdcsilgma,0
test_siyxusxidw,0
test_qqdwoqogyv,0
test_ldfesmbgbn,0
test_nfjbhfzteb,0
test_oztvqethfn,0
test_ripamfgzql,0
test_kpnqlmkijl,0
test_nuoqgqkhxa,0
test_nuqnqedrgd,0
test_wzrjhvkmuk,0
test_acznnqbrlt,0
test_okymvndabs,0
test_dixghygqxy,0
test_hxmquisblc,0
test_oprczmxfsi,0
test_usamtqempq,0
test_ppfjviihxb,0
test_jhzmqmtetg,0
test_acmrvyjjeg,0
test_mjwdvienej,0
test_pfnscldzox,0
test_qeicquvxbp,0
test_kqarxnljdm,0
test_qtlpsxcztw,0
test_dcanglthpm,0
test_mgxpaxhxbk,0
test_ccrpmfiqyh,0
test_gidgwbkumv,0
test_rxisrxbenk,0
test_vwiflpsaum,0
test_xairxnmqxh,0
test_gxpnclqelm,0
test_kgubwtubhn,0
test_hgssjjcfgt,0
test_ctlgsglpnf,0
test_bczyljnrgh,0
test_vmeqxrimon,0
test_mpfxrwmvjk,0
test_vgprhvcmmq,0
test_modfqajkgw,0
test_jgyruupcvr,0
test_ihfituogfn,0
test_vdklprsyvf,0
test_psnbqbtnjd,0
test_gbsbnwxmop,2
test_byzsbedjzv,0
test_izmpnomifj,0
test_jzcwkgpgcl,0
test_rxuotsgnha,0
test_lfqbpedgxw,0
test_klvhpyabqu,0
test_xyxbrdakoo,0
test_rbwzsccubj,0
test_chjiltrrlv,0
test_sabwvqnltz,0
test_joilmvlwct,0
test_mztoaazudd,0
test_fduiquqdcr,0
test_soaiaknqcq,0
test_ymjhimdzer,0
test_fvdbfgbunv,0
test_bdsisticpx,0
test_octyopbtjp,0
test_bcatngnnns,0
test_ygqrkwchwn,0
test_uxyttuifnq,0
test_wipesnegvq,0
test_yymvwvedxq,0
test_bkqrtmixqs,2
test_ekqmqxncye,0
test_vqpzanwmza,0
test_zqslmzzmdo,0
test_poxywsxqzm,0
test_lmlbjwzifa,0
test_tkiwfzkcmt,0
test_cpysxfanoy,0
test_vlmzvbusfg,0
test_oouzswyudn,0
test_vvrlcglsrx,0
test_iboiiydkxi,0
test_vetflaawdl,0
test_vhmwsvtbxs,0
test_hylriadsus,0
test_zmgxfieflk,0
test_urvsdokyti,0
test_pdsnihoxql,0
test_zpwhfjvhmf,1
test_lcoxmcvxsl,0
test_vcyboqedhe,0
test_hqraqzqyfw,0
test_abgnwzggkd,0
test_rbyebogphb,0
test_eskybayeor,0
test_fbyilzwjtz,0
test_daryqfefqs,0
test_fgapeygbam,0
test_yxsfikqvua,0
test_qpedixfuwl,0
test_xcorceviuk,0
test_vekrwqelhk,0
test_zmdwreoyvy,0
test_kcbtgpcgct,0
test_flkfzopdzp,0
test_zdilyiselc,0
test_nqublachty,0
test_ryzjphhdyf,0
test_ysajhthjnw,0
test_pkosxtrsjh,0
test_aeziqpswtk,1
test_yoixxmtwej,0
test_vsuzysteet,0
test_oaovcdeuyu,0
test_ktwmtllssv,1
test_keahbrexhg,0
test_kbfyolstys,0
test_camshnuopf,0
test_cikuaysrvv,0
test_hiwomavsrq,0
test_iwcttutuza,0
test_jlsvbbjvlr,0
test_mgymmysfau,0
test_qhmngshefs,0
test_pzjuaaujqd,0
test_pondhfwazp,0
test_qjewmayecc,0
test_gmamsovilv,0
test_ojmligoilm,0
test_zkfyfzupaq,0
test_ntjpbqbazk,0
test_fopqmhiefj,0
test_aaxbhgppur,2
test_wcoptzbtjj,0
test_hmtmjchlet,0
test_hzsqpsmteb,0
test_xzjpvcfxbk,0
test_zcvjiwsbga,0
test_ratndvkeay,2
test_iihxsgdumk,0
test_akvhxdkwof,0
test_txafzciaai,0
test_ucswxlcmnz,0
test_bksqlqwbyp,0
test_kpfgrtncan,2
test_mkmfjtdmes,0
test_uadmhftpil,0
test_onmqjysbbq,0
test_pmfuydaphi,0
test_ockwvhridt,0
test_hdwipilvqw,0
test_lkbmaeyumq,1
test_lkdduueihs,0
test_nnejlowuyy,0
test_ajjtsexbui,0
test_dybfealqgw,0
test_mkhomrbbog,0
test_thvnsmkfsz,0
test_ixgxfalxiu,1
test_paaoyywmrn,0
test_bpxioreecb,0
test_rvwogqruri,0
test_aolcqkvjgm,0
test_hjxgayfmpj,0
test_jtmoocnwuc,0
test_mogzvikdeq,1
test_naboqbygsn,0
test_kwybmyhzur,0
test_xvccvdezus,0
test_ysszckmtzp,0
test_bkyisbgtpa,0
test_fksymgrmnr,0
test_fkgsadycvh,0
test_zdjgjebltk,0
test_mqcnxrchsh,0
test_nuybohtifo,0
test_boypvwmdik,0
test_nyeminxskh,0
test_inuulmdiel,0
test_lgumiuqsty,0
test_prxyrlrkaz,0
test_atwmygkyae,0
test_msbsdngknl,0
test_pxsrbixdff,0
test_fpxbcwxmus,0
test_uvhaicqiiv,0
test_bxpuzgqupi,0
test_northirscp,0
test_scxnvfihdh,0
test_gvpcvoxrbz,0
test_kpszkzytci,1
test_knjepzinlv,0
test_jdujvjqudt,1
test_kgrfhjxakq,0
test_lxcknixffz,0
test_mefdcrhxca,0
test_lgrdmdzuae,0
test_egkkcamrlp,0
test_afxkqjwqtm,0
test_edvuxfigdy,0
test_mxdyqielsl,0
test_wkjtgpmmsn,0
test_yphyesmxws,0
test_xubtbtdink,0
test_tdziepkbgo,0
test_dwqlzjttih,0
test_pxavxxiogf,0
test_qdoyljbhhh,0
test_uvzeiqzdpb,0
test_ffgkxxitok,0
test_ptgsulfbkp,0
test_srqqhwzrek,0
test_zjpsnihmyi,0
test_nivljvcrye,1
test_dycbmujkpm,0
test_ngmhlmvvhe,0
test_pxrircqzdp,0
test_qhffncakfc,0
test_vwxdonzspa,0
test_lxslitkhhv,0
test_cobmtaenna,0
test_ejmadevozn,0
test_rxuzmpkdwh,0
test_oorczcuqyt,0
test_bfsvbhuyep,0
test_hamukkrysm,0
test_woenqmuhrh,0
test_mviqsblzaf,0
test_yiuohaqmfa,0
test_ljwnzysrlm,0
test_tyobgkmrny,0
test_ikgpqpebyv,0
test_sayvbratwa,0
test_gjstxvfkhd,0
test_rrhzjevvnt,0
test_ryhfzpgedn,0
test_dwwfnfffik,0
test_lhdrebjzva,0
test_sakwkocqbw,0
test_kebmpzceec,0
test_craqqhmcpt,0
test_demvokplqv,0
test_whgpmpsmcp,0
test_kwqazxqgni,0
test_ujzccyuhnb,0
test_wrjxvwbifo,0
test_qnurjlnkqa,0
test_ilyljsydbb,0
test_jwhoknfqyg,0
test_bhqmjjmann,0
test_wjreyubwdk,0
test_oazvclxwqp,0
test_giurwibnab,0
test_idywhzvjyq,0
test_rqjkfbnwbu,0
test_nbptldhzkz,0
test_xfihrgjznn,0
test_pomsrhidvh,0
test_rsxfznnjcc,0
test_yetrwuabac,0
test_cjnzrpfiqs,0
test_biaodwapoz,0
test_qlohljqjbl,0
test_omdxxsoygi,0
test_darahtxlwf,0
test_efzsljkrxc,0
test_xufyycciad,2
test_ggtimzzeho,0
test_rarwzagsel,0
test_inmvxrpgdx,0
test_stnntjnhme,0
test_epnaqxesnc,0
test_srpcicnwsu,0
test_scniiijftd,0
test_rgclpellzc,0
test_vwpndustbt,0
test_goebsyducz,0
test_yjhtdutlmn,0
test_pifdejvuzp,0
test_eewqpjakef,0
test_tldhldxstc,0
test_fazhuybxrh,0
test_gxhajqyrvo,0
test_dsklgcascf,0
test_snmfgnrajf,0
test_suiuzrdzos,0
test_eeutdnrgom,0
test_ctzmpldkyx,0
test_lglccsglqp,0
test_xtetsdftdg,0
test_qpkynvaiio,0
test_mkvvxeyxjs,0
test_ukuqzzhsts,0
test_lblxgxvdth,0
test_lcsvtdxtmf,0
test_fonajpbcrz,0
test_pxzddbvyxt,0
test_mkmwpcprmp,0
test_nafrhjgcea,0
test_tmhzuwstjq,0
test_gxletrhvws,0
test_jtnyoacjkp,0
test_jqsytpcngq,0
test_xlhckdhmct,0
test_ztbfrekutf,0
test_vjzbjplbvw,0
test_gpodfizzgk,0
test_exqwieujcv,0
test_kudylkjmke,0
test_bsppnaugse,0
test_vteglsrgro,0
test_mcezwqgfcy,0
test_agjcchslzh,0
test_utbkbzuxao,0
test_vhdqzpubet,1
test_lqwtutbfuq,0
test_bkgatscpku,1
test_ojothysauu,0
test_xrxfhzlyof,0
test_iyiserdehe,0
test_opawkhzxmx,0
test_rfyuibybfh,0
test_hdhgaduxph,0
test_wsywvmwrqy,0
test_vxzjbvglez,1
test_uhopobcyhi,0
test_zomvatlqmb,0
test_yvkdzfryui,0
test_gslicrridv,0
test_zydnggtuxi,1
test_msvzpxdbif,0
test_sizymmqpsk,0
test_gqpwartppk,0
test_vljjczcqqj,0
test_gibdxzhark,0
test_zezzzhmyqz,0
test_zwzkswrcno,0
test_zcjjmnqnyo,0
test_bxeyuooemb,0
test_sdsjfdbmcb,0
test_ipkrsruajo,0
test_kdbwryltvi,0
test_pofagharhx,0
test_acqecjprlc,0
test_rbngglutaf,1
test_jmbhtbzupy,0
test_ovymdclrjc,0
test_tayxtlklyu,0
test_sijvnmanil,0
test_rjvexpygqs,0
test_fclazjscok,0
test_rfyelfexyh,0
test_gyzaznnhns,0
test_ajvnrrzbym,0
test_tcebueavlg,0
test_unpysgpbre,0
test_hzevhovady,0
test_tijykwrlgl,0
test_imhjwhqpqh,0
test_katrztfbyt,0
test_jvgamgewfa,0
test_dtediqvzsc,0
test_cjxzzxcixh,0
test_riitnagpcq,0
test_txrlkjfnel,0
test_igiykojfvb,0
test_ogqizphfhb,0
test_tmfoijiknk,2
test_pgwxdgqmqy,0
test_laiayxaqwk,0
test_edcukhbzwg,0
test_alojyxahhx,0
test_yzjukkavvm,0
test_ympaqpdwpo,0
test_npmphmgubr,0
test_cihasnfoil,0
test_qvfptmoxsn,0
test_drehhurepr,0
test_wmxzqylnbn,0
test_tzrvnkbarz,0
test_vvdljzksuv,0
test_oidjtsybfh,0
test_nsiwegsbqm,0
test_awhucspncy,0
test_dryitihmjg,0
test_nyexsdtnac,0
test_bjrrhewgty,0
test_cxwgafjohm,2
test_udwphurgem,0
test_apqdupcnqk,0
test_dbzyqaloov,0
test_rtzqdgesdy,1
test_bwbzfhtndl,0
test_hrgzwdxcfh,1
test_uifnhehlny,0
test_dbyvzcbilv,0
test_ajygtfpmdl,0
test_mzgquxkbjr,0
test_ivhdzondhc,0
test_pczbuepebz,0
test_augkdbwdli,0
test_jumrgqskex,0
test_kscsruqotp,0
test_waanowbmyf,0
test_lzghsjdukz,0
test_mquyyvmikm,0
test_trykivummp,0
test_orjfjzvyym,0
test_itomhylngy,0
test_oxotsucpwc,0
test_nfekohuwwx,0
test_ofbytmejgs,0
test_yovuluxmii,0
test_kokplcoqfk,0
test_meywdigamh,0
test_yuikqhqpwj,0
test_kcoiumvpem,0
test_azzroprylp,0
test_gmypxhrniu,0
test_becerdvasx,0
test_dwoogsdbbh,0
test_lytecrwazd,0
test_hnrzravswz,0
test_bfulwbzwxf,0
test_nhedxqnqlb,0
test_wxaxqrrewn,1
test_wwoxdixcdv,0
test_jpurcjylhy,0
test_mgaiswevvl,0
test_czfekosulj,1
test_newogwutqd,0
test_havymtwhgi,0
test_aykvwejndx,0
test_rubwyiyuui,0
test_zqreifpvej,0
test_lazytevpvt,0
test_latmedieym,2
test_zxkzhjghzi,0
test_bkudwjicxj,0
test_crlinyqwtk,0
test_lminnvwwgi,0
test_hamtxkzocd,0
test_jagigywavw,0
test_vxnttukdbb,1
test_gplbewszbv,0
test_jpdznmxlte,0
test_inbxbtotat,0
test_rghnhjisff,0
test_prrthzliup,0
test_gcuiswzkoa,0
test_oafyspstmt,0
test_wqrezcatpg,0
test_pssiwaskbv,0
test_jhnotxkdws,0
test_afmkkbverd,0
test_mocglnincx,0
test_ljyvrlpuym,0
test_xxvuehozfb,0
test_gdmetjdbyr,0
test_mnwswogwtr,0
test_mwsnwxhiki,0
test_kldeicylen,0
test_guqulhlsjb,0
test_sshshokcya,0
test_erxsyzhnln,0
test_dmrjhpulhi,0
test_oupyaofdok,0
test_tlxsvjlhhw,0
test_dlztnltawd,0
test_dufcemzukj,0
test_ingqqutryi,0
test_ofmnsxcxaw,0
test_ezppjfkijt,0
test_dwgvghchdy,0
test_tvivqtkeap,0
test_evupaluvue,0
test_lsssqgwtri,0
test_ynjrwobyvj,0
test_tudflxujva,0
test_nxcckmyise,0
test_kovlrpcacq,1
test_rahwvjhrww,0
test_hhtiuzxgjp,0
test_hwcopnsdvl,0
test_zsivprwxpl,0
test_mjfjvybjcc,0
test_pslcitryqj,0
test_fduuvgeorx,0
test_pcooopfkgu,0
test_eyrdofibpz,0
test_ysasuuqdye,0
test_lzjvaxqzaw,0
test_gfmvlpmpny,0
test_nvmpfuyodd,0
test_cgcudcxatf,0
test_mdasimhcui,0
test_dhjrwrelio,0
test_xyjtbcdyle,0
test_lhvvlxfxbi,0
test_cugejfegya,0
test_cnnhpcwiwp,0
test_tvlnaatwde,0
test_xzsudmrchx,0
test_nszveyanob,0
test_tcgopfblqt,0
test_daqzwgpeii,0
test_tssnqtvtqb,0
test_pvvkcsccne,0
test_zvrozmkhml,0
test_bxgyphydco,0
test_aerfkvmfum,0
test_csfomxhzmp,0
test_uuxoqrsdow,0
test_caxeonbcgj,0
test_veyghsunlj,0
test_enisrsphgg,0
test_olklsscfks,0
test_fvycgoeahb,0
test_xzfqiobghm,0
test_feurfdyutt,0
test_eozucqrcgp,0
test_alofbbmvkf,0
test_splbrhgfuc,0
test_sdwmleeytk,0
test_tgfvlvwijb,0
test_inenpsnhod,0
test_sjucigmsqp,0
test_drzchynncf,0
test_ppzqalcknc,0
test_lmbkeudfbe,0
test_roltoxjnpo,0
test_bnmmdxjnrz,0
test_nzzounhvmh,0
test_iisuwmpvrn,0
test_stbodlheyg,0
test_fuyzpauhfe,0
test_skwszolfwp,2
test_cfpqgvjbfe,0
test_mejvafjfmg,0
test_wbyjlncqyq,1
test_xitcvutuxu,0
test_wuevbargmd,0
test_ngqweiwmoy,0
test_vpgsiaqain,0
test_xoftkpyeum,1
test_zbcyarnjwa,0
test_kktraqebbk,0
test_nkusuqzgwi,0
test_tnxblezjto,1
test_rgxzykljrf,0
test_voashoyyop,0
test_btaqweketu,0
